figure,script,data,expected,sha256(script),sha256(data),runtime
g_factor_mini,scripts/calc_gfactor.py; scripts/quick_report.py,data/g_factor_raw.csv,g = 2.0022 ± 0.0003,ef488c2c18f8…; 6eac64b4f8de…,78ed632f0986…,N/A (CPU-only verification)
perihelion_mercury,scripts/perihelio_fit.py; scripts/quick_report.py,data/varpi_series_0-1M.csv,Δϖ = 42.99″ ± 0.20″ / siglo,399841bba687…; 6eac64b4f8de…,f835340e3e2f…,N/A (CPU-only verification)
PPN_table,scripts/ppn_check.py; scripts/quick_report.py,data/ppn_summary.txt,β = 1 ± 1e−4; γ = 1 ± 1e−5; defl. 1.75″ ± 0.02; Shapiro 248.05 μs ± 2,de422b193391…; 6eac64b4f8de…,95fa886a1043…,N/A (CPU-only verification)
perihelion_test (synthetic),scripts/perihelio_fit.py; scripts/quick_report.py (--profile test),data/varpi_series_test.csv,Δϖ ≈ 150.863″ ± 0.5″ / siglo,399841bba687…; 6eac64b4f8de…,51cf409ae0a3…,N/A (CPU-only verification)
