{
  "inputs": {
    "beta": 1.0,
    "beta_tol": 0.0001,
    "gamma": 1.0,
    "gamma_tol": 1e-05,
    "deflection_arcsec": 1.75,
    "deflection_tol": 0.02,
    "shapiro_us": 248.05,
    "shapiro_tol": 0.1
  },
  "measurements": {
    "beta": {
      "value": 1.0,
      "unc": 0.0001
    },
    "gamma": {
      "value": 1.0,
      "unc": 1e-05
    },
    "deflection_arcsec": {
      "value": 1.75,
      "unc": 0.02
    },
    "shapiro_us": {
      "value": 248.05,
      "unc": 0.03
    }
  },
  "checks": {
    "beta": {
      "value": 1.0,
      "expect": 1.0,
      "tol": 0.0001,
      "pass": true
    },
    "gamma": {
      "value": 1.0,
      "expect": 1.0,
      "tol": 1e-05,
      "pass": true
    },
    "deflection_arcsec": {
      "value": 1.75,
      "expect": 1.75,
      "tol": 0.02,
      "pass": true
    },
    "shapiro_us": {
      "value": 248.05,
      "expect": 248.05,
      "tol": 0.1,
      "pass": true
    }
  }
}
