{
  "perihelio_fit": {
    "n": 1001,
    "t_col": "centuries",
    "y_col": "varpi_arcsec",
    "slope_arcsec_per_century": 150.86327773882678,
    "slope_se": 0.02719736893964542,
    "intercept_arcsec": 0.04994040362475588,
    "residual_rms_arcsec": 0.07083320805270915,
    "check": {
      "expect_slope": 150.863,
      "tol": 0.5,
      "pass": true
    }
  },
  "ppn": {
    "inputs": {
      "beta": 1.0,
      "beta_tol": 0.0001,
      "gamma": 1.0,
      "gamma_tol": 1e-05,
      "deflection_arcsec": 1.75,
      "deflection_tol": 0.02,
      "shapiro_us": 248.05,
      "shapiro_tol": 0.1
    },
    "measurements": {
      "beta": {
        "value": 1.0,
        "unc": 0.0001
      },
      "gamma": {
        "value": 1.0,
        "unc": 1e-05
      },
      "deflection_arcsec": {
        "value": 1.75,
        "unc": 0.02
      },
      "shapiro_us": {
        "value": 248.05,
        "unc": 0.03
      }
    },
    "checks": {
      "beta": {
        "value": 1.0,
        "expect": 1.0,
        "tol": 0.0001,
        "pass": true
      },
      "gamma": {
        "value": 1.0,
        "expect": 1.0,
        "tol": 1e-05,
        "pass": true
      },
      "deflection_arcsec": {
        "value": 1.75,
        "expect": 1.75,
        "tol": 0.02,
        "pass": true
      },
      "shapiro_us": {
        "value": 248.05,
        "expect": 248.05,
        "tol": 0.1,
        "pass": true
      }
    }
  },
  "g_factor": {
    "n": 20,
    "g_mean": 2.002220195,
    "g_std": 8.640465540121576e-05,
    "g_sem": 1.9320668304956278e-05,
    "check": {
      "expect": 2.0022,
      "tol": 0.0003,
      "pass": true
    }
  }
}