{
  "perihelio_fit": {
    "n": 1001,
    "t_col": "centuries",
    "y_col": "varpi_arcsec",
    "slope_arcsec_per_century": 42.98192176813485,
    "slope_se": 0.00018896404868880496,
    "intercept_arcsec": -0.0010723401748045922,
    "residual_rms_arcsec": 0.017258584263523884,
    "check": {
      "expect_slope": 42.99,
      "tol": 0.2,
      "pass": true
    }
  },
  "ppn": {
    "inputs": {
      "beta": 1.0,
      "beta_tol": 0.0001,
      "gamma": 1.0,
      "gamma_tol": 1e-05,
      "deflection_arcsec": 1.75,
      "deflection_tol": 0.02,
      "shapiro_us": 248.05,
      "shapiro_tol": 0.1
    },
    "measurements": {
      "beta": {
        "value": 1.0,
        "unc": 0.0001
      },
      "gamma": {
        "value": 1.0,
        "unc": 1e-05
      },
      "deflection_arcsec": 1.75,
      "shapiro_us": 248.05
    },
    "checks": {
      "beta": {
        "value": 1.0,
        "expect": 1.0,
        "tol": 0.0001,
        "pass": true
      },
      "gamma": {
        "value": 1.0,
        "expect": 1.0,
        "tol": 1e-05,
        "pass": true
      },
      "deflection_arcsec": 1.75,
      "shapiro_us": 248.05
    }
  },
  "g_factor": {
    "n": 20,
    "g_mean": 2.002220195,
    "g_std": 8.640465540121576e-05,
    "g_sem": 1.9320668304956278e-05,
    "check": {
      "expect": 2.0022,
      "tol": 0.0003,
      "pass": true
    }
  }
}