{
  "schema_version": "1.0.0",
  "suite_version": "alpha_elasticity_ci_minipack_v1",
  "gate_id": "AE-CI-MIN-0001",
  "status": "CI",
  "decision_rule_sha256": "deadbeef",
  "provenance": {
    "seed": 123,
    "timestamp_utc": "2025-12-28T12:00:00Z",
    "inputs_sha256": {
      "DECISION_RULE.json": "sha256:<...>"
    }
  },
  "integrity_check": {
    "decision_rule_hash_match": false,
    "manifest_hash_match": false,
    "notes": "Hash mismatch detected; possible post-hoc gate changes"
  },
  "tests": {},
  "GLOBAL_PASS": false,
  "normalization": {
    "alpha_like_definition": "median(||H(S)||_F) / (median(|\u2207S|) + eps)",
    "window_policy": "exclude R\u22480 nodes",
    "units": "dimensionless",
    "stabilizer_eps": 1e-10
  }
}