{
  "schema_version": "1.0.0",
  "suite_version": "alpha_elasticity_ci_minipack_v1",
  "gate_id": "AE-CI-MIN-0001",
  "status": "CI",
  "decision_rule_sha256": "<filled_by_verifier>",
  "provenance": {
    "seed": 12345,
    "timestamp_utc": "2025-12-28T12:00:00Z",
    "inputs_sha256": {
      "synthetic_set.json": "sha256:<...>"
    }
  },
  "tests": {
    "T1_recovery_structured": {
      "metrics": {
        "median_rel_error": 0.002,
        "cv": 0.001,
        "n": 40
      },
      "pass": true,
      "notes": "Suspiciously low error; possible target leakage"
    },
    "T4_discriminative": {
      "metrics": {
        "F1": 0.79,
        "FP_rate": 0.44,
        "TP": 88,
        "FP": 42,
        "TN": 53,
        "FN": 2
      },
      "pass": false,
      "notes": "High FP rate indicates null/adversarial cases poorly separated"
    },
    "T5_robustness": {
      "metrics": {
        "robust_max_rel_drift": 0.18,
        "valid_fraction": 0.65
      },
      "pass": false,
      "notes": "Estimator unstable under perturbations"
    }
  },
  "GLOBAL_PASS": false,
  "normalization": {
    "alpha_like_definition": "median(||H(S)||_F) / (median(|\u2207S|) + eps)",
    "window_policy": "exclude R\u22480 nodes",
    "units": "dimensionless",
    "stabilizer_eps": 1e-10
  }
}