{
  "schema_version": "1.0.0",
  "suite_version": "alpha_elasticity_ci_minipack_v1",
  "gate_id": "AE-CI-MIN-0001",
  "status": "CI",
  "decision_rule_sha256": "<filled_by_verifier>",
  "provenance": {
    "seed": 12345,
    "timestamp_utc": "2025-12-28T12:00:00Z",
    "inputs_sha256": {
      "synthetic_set.json": "sha256:<...>"
    }
  },
  "tests": {
    "T1_recovery_structured": {
      "metrics": {
        "median_rel_error": 0.031,
        "cv": 0.021,
        "n": 40
      },
      "pass": true
    },
    "T2_consistency": {
      "metrics": {
        "between_family_cv": 0.025,
        "worst_family_rel_drift": 0.038
      },
      "pass": true
    },
    "T3_sensitivity": {
      "metrics": {
        "spearman_rho": 0.85,
        "slope_sign_correct": true,
        "slope_ci_low": 0.12,
        "slope_ci_high": 0.45
      },
      "pass": true
    },
    "T4_discriminative": {
      "metrics": {
        "F1": 0.91,
        "FP_rate": 0.04,
        "TP": 90,
        "FP": 4,
        "TN": 95,
        "FN": 6
      },
      "pass": true
    },
    "T5_robustness": {
      "metrics": {
        "robust_max_rel_drift": 0.042,
        "valid_fraction": 0.95
      },
      "pass": true
    }
  },
  "GLOBAL_PASS": true,
  "normalization": {
    "alpha_like_definition": "median(||H(S)||_F) / (median(|\u2207S|) + eps)",
    "window_policy": "exclude R\u22480 nodes",
    "units": "dimensionless",
    "stabilizer_eps": 1e-10
  }
}