{
  "version": "1.1-GOLDEN",
  "grid": {
    "Rmax_a0": 110.0,
    "dr_a0": 0.0035,
    "points": 31430
  },
  "flags": {
    "BC": "asymptotic_log_derivative",
    "matching": "log-derivative inward/outward",
    "Langer": false
  },
  "isotopes": {
    "H": {
      "mu_r": 0.9994553829783849,
      "states": {
        "2s": {
          "n": 2,
          "l": 0,
          "E_eV": -3.3994884513606882,
          "E_Ha": -0.12492889633147239,
          "norm_residual": 1.1102230246251565e-16,
          "virial_residual_rel": 0.00023145539053852823,
          "wf_csv": "wf_H_2s.csv",
          "wf_sha256": "d96bbaff00fba5832fad3cabe4ee63f7218f2772799780f0d32317ca293d3c45"
        },
        "2p": {
          "n": 2,
          "l": 1,
          "E_eV": -3.3995708076597175,
          "E_Ha": -0.12493192286963861,
          "norm_residual": 0.0,
          "virial_residual_rel": 2.7272451887908612e-05,
          "wf_csv": "wf_H_2p.csv",
          "wf_sha256": "510a4a545c56065a08b26fb9f4a79f2244ac2a42661ed8e927be29824f3a8d43"
        }
      },
      "degeneracy_abs_meV": 0.08235629902930697
    },
    "T": {
      "mu_r": 0.9998180799937505,
      "states": {
        "2s": {
          "n": 2,
          "l": 0,
          "E_eV": -3.4007220480585816,
          "E_Ha": -0.12497423017395809,
          "norm_residual": 3.3306690738754696e-16,
          "virial_residual_rel": 0.00023175058947406501,
          "wf_csv": "wf_T_2s.csv",
          "wf_sha256": "fd3dc6b1c6f363551fea778ebe3a561376fd1aec3c53e1cb3ca1ca732075912c"
        },
        "2p": {
          "n": 2,
          "l": 1,
          "E_eV": -3.4008044937316146,
          "E_Ha": -0.12497725999655837,
          "norm_residual": 0.0,
          "virial_residual_rel": 2.727244544960597e-05,
          "wf_csv": "wf_T_2p.csv",
          "wf_sha256": "2f50c475543874608c1cbbd8db858d05a13703e7667c708a88297cafb05a3bde"
        }
      },
      "degeneracy_abs_meV": 0.08244567303306027
    }
  },
  "acceptance": {
    "degeneracy_threshold_meV": 0.1,
    "norm_residual_max": 0.001,
    "virial_rel_max": 0.001,
    "results": {
      "H": {
        "degeneracy_PASS": true,
        "all_states_PASS": true
      },
      "T": {
        "degeneracy_PASS": true,
        "all_states_PASS": true
      }
    }
  }
}