{
  "artifact": "varpi_series_venus.csv",
  "fit": {
    "slope_arcsec_per_century": 8.606535358810206,
    "intercept_arcsec": 0.05259065166716904,
    "R2": 0.9995995597139601,
    "slope_stderr": 0.005450062298109078,
    "slope_95CI": [
      8.595853236705912,
      8.6172174809145
    ]
  },
  "analytic_GR": {
    "a_AU": 0.72333199,
    "e": 0.00677188,
    "arcsec_per_century": 8.624984123291283
  },
  "provenance": {
    "seed": 424242,
    "generator": "synthetic linear + wiggle + noise",
    "created_utc": "2025-08-22T13:20:33Z"
  }
}