{
  "inputs": {
    "beta": 1.0,
    "beta_tol": 0.0001,
    "gamma": 1.0,
    "gamma_tol": 1e-05,
    "deflection_arcsec": 1.75,
    "deflection_tol": 0.02,
    "shapiro_us": 248.05,
    "shapiro_tol": 2.0
  },
  "measurements": {
    "g_estr": {
      "value": 0.00068
    },
    "deflection_arcsec": 1.75,
    "shapiro_us": 248.05
  },
  "checks": {
    "beta": {
      "error": "Faltan claves ['beta']"
    },
    "gamma": {
      "error": "Faltan claves ['gamma']"
    },
    "deflection_arcsec": 1.75,
    "shapiro_us": 248.05
  }
}