{
  "perihelio_fit": {
    "n": 1001,
    "t_col": "centuries",
    "y_col": "varpi_arcsec",
    "slope_arcsec_per_century": 150.86327773882678,
    "slope_se": 0.02719736893964542,
    "intercept_arcsec": 0.04994040362475588,
    "residual_rms_arcsec": 0.07083320805270915,
    "check": {
      "expect_slope": 42.99,
      "tol": 0.2,
      "pass": false
    }
  },
  "ppn": {
    "inputs": {
      "beta": 1.0,
      "beta_tol": 0.0001,
      "gamma": 1.0,
      "gamma_tol": 1e-05,
      "deflection_arcsec": 1.75,
      "deflection_tol": 0.02,
      "shapiro_us": 248.05,
      "shapiro_tol": 2.0
    },
    "measurements": {
      "g_estr": {
        "value": 0.00068
      },
      "deflection_arcsec": 1.75,
      "shapiro_us": 248.05
    },
    "checks": {
      "beta": {
        "error": "Faltan claves ['beta']"
      },
      "gamma": {
        "error": "Faltan claves ['gamma']"
      },
      "deflection_arcsec": 1.75,
      "shapiro_us": 248.05
    }
  },
  "g_factor": {
    "n": 5,
    "g_mean": 1.9995917516659196,
    "g_std": 0.0009484217253367458,
    "g_sem": 0.0004241470898381196,
    "check": {
      "expect": 2.0022,
      "tol": 0.0003,
      "pass": false
    }
  }
}