{
  "quick_test": {
    "perihelio_fit": {
      "n": 1001,
      "t_col": "centuries",
      "y_col": "varpi_arcsec",
      "slope_arcsec_per_century": 150.86327773882678,
      "slope_se": 0.02719736893964542,
      "intercept_arcsec": 0.04994040362475588,
      "residual_rms_arcsec": 0.07083320805270915,
      "check": {
        "expect_slope": 150.863,
        "tol": 0.5,
        "pass": true
      }
    },
    "ppn": {
      "inputs": {
        "beta": 1.0,
        "beta_tol": 0.0001,
        "gamma": 1.0,
        "gamma_tol": 1e-05,
        "deflection_arcsec": 1.75,
        "deflection_tol": 0.02,
        "shapiro_us": 248.05,
        "shapiro_tol": 2.0
      },
      "measurements": {
        "g_estr": {
          "value": 0.00068
        },
        "deflection_arcsec": 1.75,
        "shapiro_us": 248.05
      },
      "checks": {
        "beta": {
          "error": "Faltan claves ['beta']"
        },
        "gamma": {
          "error": "Faltan claves ['gamma']"
        },
        "deflection_arcsec": 1.75,
        "shapiro_us": 248.05
      }
    },
    "g_factor": {
      "n": 5,
      "g_mean": 1.9995917516659196,
      "g_std": 0.0009484217253367458,
      "g_sem": 0.0004241470898381196,
      "check": {
        "expect": 2.0022,
        "tol": 0.0003,
        "pass": false
      }
    }
  },
  "quick_mercury": {
    "perihelio_fit": {
      "n": 1001,
      "t_col": "centuries",
      "y_col": "varpi_arcsec",
      "slope_arcsec_per_century": 150.86327773882678,
      "slope_se": 0.02719736893964542,
      "intercept_arcsec": 0.04994040362475588,
      "residual_rms_arcsec": 0.07083320805270915,
      "check": {
        "expect_slope": 42.99,
        "tol": 0.2,
        "pass": false
      }
    },
    "ppn": {
      "inputs": {
        "beta": 1.0,
        "beta_tol": 0.0001,
        "gamma": 1.0,
        "gamma_tol": 1e-05,
        "deflection_arcsec": 1.75,
        "deflection_tol": 0.02,
        "shapiro_us": 248.05,
        "shapiro_tol": 2.0
      },
      "measurements": {
        "g_estr": {
          "value": 0.00068
        },
        "deflection_arcsec": 1.75,
        "shapiro_us": 248.05
      },
      "checks": {
        "beta": {
          "error": "Faltan claves ['beta']"
        },
        "gamma": {
          "error": "Faltan claves ['gamma']"
        },
        "deflection_arcsec": 1.75,
        "shapiro_us": 248.05
      }
    },
    "g_factor": {
      "n": 5,
      "g_mean": 1.9995917516659196,
      "g_std": 0.0009484217253367458,
      "g_sem": 0.0004241470898381196,
      "check": {
        "expect": 2.0022,
        "tol": 0.0003,
        "pass": false
      }
    }
  },
  "ppn": {
    "inputs": {
      "beta": 1.0,
      "beta_tol": 0.0001,
      "gamma": 1.0,
      "gamma_tol": 1e-05,
      "deflection_arcsec": 1.75,
      "deflection_tol": 0.02,
      "shapiro_us": 248.05,
      "shapiro_tol": 2.0
    },
    "measurements": {
      "g_estr": {
        "value": 0.00068
      },
      "deflection_arcsec": 1.75,
      "shapiro_us": 248.05
    },
    "checks": {
      "beta": {
        "error": "Faltan claves ['beta']"
      },
      "gamma": {
        "error": "Faltan claves ['gamma']"
      },
      "deflection_arcsec": 1.75,
      "shapiro_us": 248.05
    }
  },
  "g_factor_files": {
    "g_factor_raw.csv": {
      "exit": 1,
      "raw": "Traceback (most recent call last):\n  File \"/mnt/data/_run_v13/scripts/calc_gfactor.py\", line 90, in <module>\n    main()\n  File \"/mnt/data/_run_v13/scripts/calc_gfactor.py\", line 82, in main\n    rows = parse_vertical_triplets(a.raw)\n           ^^^^^^^^^^^^^^^^^^^^^^^^^^^^^^\n  File \"/mnt/data/_run_v13/scripts/calc_gfactor.py\", line 23, in parse_vertical_triplets\n    txt = Path(path).read_text(encoding='utf-8', errors='ignore').strip().splitlines()\n          ^^^^^^^^^^^^^^^^^^^^^^^^^^^^^^^^^^^^^^^^^^^^^^^^^^^^^^^\n  File \"/usr/local/lib/python3.11/pathlib.py\", line 1058, in read_text\n    with self.open(mode='r', encoding=encoding, errors=errors) as f:\n         ^^^^^^^^^^^^^^^^^^^^^^^^^^^^^^^^^^^^^^^^^^^^^^^^^^^^^\n  File \"/usr/local/lib/python3.11/pathlib.py\", line 1044, in open\n    return io.open(self, mode, buffering, encoding, errors, newline)\n           ^^^^^^^^^^^^^^^^^^^^^^^^^^^^^^^^^^^^^^^^^^^^^^^^^^^^^^^^^\nFileNotFoundError: [Errno 2] No such file or directory: 'g_factor_raw.csv'\n"
    }
  }
}