{
  "schema_version": "1.0.0",
  "route": "A",
  "conventions": {
    "metric_signature": "- + + +",
    "S_equals_neg_U": true,
    "poisson": "∇²U = -4πGρ",
    "units": {
      "angle": "arcsec",
      "time": "century"
    }
  },
  "fit": {
    "method": "OLS",
    "n": 0,
    "a1": {
      "val": 0.0,
      "u": 0.0
    },
    "c1": {
      "val": 0.0,
      "u": 0.0
    },
    "a2": {
      "val": 0.0,
      "u": 0.0
    },
    "cov": [
      [
        0.0,
        0.0,
        0.0
      ],
      [
        0.0,
        0.0,
        0.0
      ],
      [
        0.0,
        0.0,
        0.0
      ]
    ],
    "r2": 0.0
  },
  "derived": {
    "gamma": {
      "val": 0.0,
      "ci95": [
        0.0,
        0.0
      ]
    },
    "beta": {
      "val": 0.0,
      "ci95": [
        0.0,
        0.0
      ]
    }
  },
  "observables": {
    "perihelion_advance": {
      "body": "Venus",
      "measured": {
        "val": 0.0,
        "u": 0.0
      },
      "units": "arcsec_per_century"
    },
    "light_deflection": {
      "val": 0.0,
      "u": 0.0,
      "units": "arcsec"
    },
    "shapiro_delay": {
      "val": 0.0,
      "u": 0.0,
      "units": "microsecond"
    }
  },
  "systematics": {
    "mesh_levels": [
      "64^3"
    ],
    "amr": false,
    "dt": 0.0,
    "bc": "periodic"
  },
  "qa": {
    "thresholds": {
      "abs_beta_minus_1": "<= 1e-4",
      "abs_gamma_minus_1": "<= 1e-4",
      "perihelion_tol_arcsec_per_century": "<= 0.2"
    },
    "pass_beta": false,
    "pass_gamma": false,
    "pass_perihelion": false,
    "overall_pass": false
  },
  "provenance": {
    "seed": 0,
    "commit": "",
    "calibration_hash": "",
    "manifest": "",
    "artifacts_sha256": {
      "results_csv": "",
      "figure_png": ""
    }
  },
  "timestamp": "YYYY-MM-DDTHH:MM:SSZ"
}