{
  "schema_version": "1.0.0",
  "integrator": {
    "name": "leap-frog",
    "cfl": 0.45
  },
  "grid": {
    "shape": [
      64,
      64,
      64
    ],
    "dx": 1.0,
    "dt": 0.02,
    "amr": false,
    "bc": "periodic"
  },
  "units": {
    "system": "internal",
    "energy": "arb",
    "time": "Δt"
  },
  "components": {
    "t0": {
      "kin": 0.812,
      "grad": 1.245,
      "pot": -2.071,
      "em": 0.0,
      "total": -0.014
    },
    "tN": {
      "kin": 0.821,
      "grad": 1.239,
      "pot": -2.064,
      "em": 0.0,
      "total": -0.004
    }
  },
  "collapse_ledger": {
    "enabled": true,
    "events": 3,
    "energy_removed": 0.0098
  },
  "conservation": {
    "delta_E": 0.01,
    "delta_E_rel": 0.00072,
    "tolerance_rel": 0.001,
    "pass": true
  },
  "continuity_residual": {
    "L2": 6.5e-06,
    "Linf": 2.1e-05
  },
  "discretization": {
    "operators": "co-staggered central differences",
    "notation": "D_t, ∇_e",
    "signature": "- + + +"
  },
  "provenance": {
    "seed": 12345,
    "commit": "9b7f1a2",
    "calibration_hash": "af7c...d21c",
    "artifacts_sha256": {
      "time_series_csv": "a14d...c9e1",
      "energy_plot_png": "0be7...88aa"
    }
  },
  "timestamp": "2025-09-11T10:10:21Z"
}