{
  "schema_version": "1.0.0",
  "route": "A",
  "conventions": {
    "metric_signature": "- + + +",
    "S_equals_neg_U": true,
    "poisson": "∇²U = -4πGρ",
    "units": {
      "angle": "arcsec",
      "time": "century"
    }
  },
  "fit": {
    "method": "OLS",
    "n": 1024,
    "a1": {
      "val": 1.00002,
      "u": 8e-05
    },
    "c1": {
      "val": 1.00003,
      "u": 0.0001
    },
    "a2": {
      "val": -4e-05,
      "u": 6e-05
    },
    "cov": [
      [
        1e-08,
        0.0,
        0.0
      ],
      [
        0.0,
        1e-08,
        0.0
      ],
      [
        0.0,
        0.0,
        3.6e-09
      ]
    ],
    "r2": 0.9996
  },
  "derived": {
    "gamma": {
      "val": 1.00001,
      "ci95": [
        0.99981,
        1.00021
      ]
    },
    "beta": {
      "val": 0.99998,
      "ci95": [
        0.9998,
        1.00016
      ]
    }
  },
  "observables": {
    "perihelion_advance": {
      "body": "Venus",
      "measured": {
        "val": 8.6249,
        "u": 0.02
      },
      "units": "arcsec_per_century"
    },
    "light_deflection": {
      "val": 1.75,
      "u": 0.003,
      "units": "arcsec"
    },
    "shapiro_delay": {
      "val": 248.0,
      "u": 0.8,
      "units": "microsecond"
    }
  },
  "systematics": {
    "mesh_levels": [
      "64^3",
      "96^3"
    ],
    "amr": false,
    "dt": 0.02,
    "bc": "periodic"
  },
  "qa": {
    "thresholds": {
      "abs_beta_minus_1": "<= 1e-4",
      "abs_gamma_minus_1": "<= 1e-4",
      "perihelion_tol_arcsec_per_century": "<= 0.2"
    },
    "pass_beta": true,
    "pass_gamma": true,
    "pass_perihelion": true,
    "overall_pass": true
  },
  "provenance": {
    "seed": 12345,
    "commit": "9b7f1a2",
    "calibration_hash": "af7c...d21c",
    "manifest": "manifests/venus_ppn_A.json",
    "artifacts_sha256": {
      "results_csv": "b1c1f8...3a7d",
      "figure_png": "8e4d2b...91ff"
    }
  },
  "timestamp": "2025-09-11T10:10:21Z"
}