{
  "GLOBAL_PASS": true,
  "found": {
    "EXISTENCE_REGION": "out_demo/EXISTENCE_REGION_atomX.json",
    "EXISTENCE_REPORT": "out_demo/EXISTENCE_REPORT_atomX.json",
    "MANIFEST": "_meta/MANIFEST.json",
    "SCAN": "out_demo/COMPATIBILITY_SCAN_atomX.json"
  },
  "pass_points": [
    {
      "kappa": 1.2000000000000002,
      "r_screen": 13.0
    }
  ],
  "region_pass_count": 1,
  "sha256": {
    "EXISTENCE_REGION": "98a293d81be75ace24f4ff4edf607611d981833e53977b6a3178045a74ebc035",
    "EXISTENCE_REPORT": "7e214179bd994ca4affad9975152842f1987ec889e7d0180f83f0abd0f9689ae",
    "SCAN": "a81f040209ebe8aef2594aa889f2701f6886b79f935b08f8cda242be87504cac"
  },
  "thresholds": {
    "compat_thr": 0.02,
    "r2_thr": 0.98,
    "split_thr": 0.19
  },
  "verdict": "maintained",
  "zip_in": "synthetic_atom_existence_runner_pack_WITH_NORMALIZED_FIXED_SHA_v3.zip"
}