{
  "$schema": "https://json-schema.org/draft/2020-12/schema",
  "title": "ALPHA_ELASTICITY_REPORT",
  "type": "object",
  "required": [
    "schema_version",
    "decision_rule_ref",
    "provenance",
    "status",
    "decision_rule_sha256",
    "normalization",
    "GLOBAL_PASS",
    "gate_id",
    "suite_version",
    "tests"
  ],
  "properties": {
    "schema_version": {
      "type": "string"
    },
    "suite_version": {
      "type": "string"
    },
    "gate_id": {
      "type": "string"
    },
    "status": {
      "type": "string",
      "enum": [
        "CI",
        "REAL-ready",
        "REAL-verified"
      ]
    },
    "decision_rule_sha256": {
      "type": "string"
    },
    "provenance": {
      "type": "object",
      "required": [
        "inputs_sha256",
        "seed",
        "commit",
        "timestamp_utc"
      ],
      "properties": {
        "seed": {
          "type": "integer"
        },
        "timestamp_utc": {
          "type": "string"
        },
        "commit": {
          "type": "string"
        },
        "inputs_sha256": {
          "type": "object"
        }
      }
    },
    "tests": {
      "type": "object"
    },
    "GLOBAL_PASS": {
      "type": "boolean"
    },
    "normalization": {
      "type": "object",
      "required": [
        "alpha_like_definition",
        "window_policy",
        "units",
        "stabilizer_eps"
      ],
      "properties": {
        "alpha_like_definition": {
          "type": "string"
        },
        "window_policy": {
          "type": "string"
        },
        "units": {
          "type": "string"
        },
        "stabilizer_eps": {
          "type": "number"
        }
      }
    },
    "decision_rule_ref": {
      "type": "string"
    }
  },
  "additionalProperties": true
}