{
  "$schema": "https://json-schema.org/draft/2020-12/schema",
  "title": "EXISTENCE_REGION_atomX",
  "type": "object",
  "required": [
    "schema_version",
    "grid",
    "region_flag",
    "sha256"
  ],
  "properties": {
    "schema_version": {
      "type": "string"
    },
    "grid": {
      "type": "object"
    },
    "region_flag": {
      "type": "array",
      "items": {
        "type": "array",
        "items": {
          "type": "integer"
        }
      }
    },
    "sha256": {
      "type": "object"
    }
  }
}