{
  "$schema": "https://json-schema.org/draft/2020-12/schema",
  "$id": "https://example.org/sft/alpha_out.schema.json",
  "title": "SFT ALPHA_OUT",
  "type": "object",
  "properties": {
    "schema_version": {
      "type": "string",
      "pattern": "^[0-9]+\\.[0-9]+\\.[0-9]+$"
    },
    "inputs": {
      "type": "object",
      "properties": {
        "hbar_star": {
          "type": "number"
        },
        "q_star": {
          "type": "number"
        },
        "eps_star": {
          "type": "number"
        },
        "c": {
          "type": "number"
        }
      },
      "required": [
        "hbar_star",
        "q_star",
        "eps_star",
        "c"
      ]
    },
    "estimate": {
      "type": "object",
      "properties": {
        "alpha": {
          "type": "number"
        },
        "ci95": {
          "type": "array",
          "items": {
            "type": "number"
          },
          "minItems": 2,
          "maxItems": 2
        }
      },
      "required": [
        "alpha",
        "ci95"
      ]
    },
    "status": {
      "type": "string",
      "enum": [
        "OK",
        "INCOMPLETE"
      ]
    },
    "method": {
      "type": "string"
    },
    "seed": {
      "type": "integer"
    },
    "provenance": {
      "type": "object",
      "properties": {
        "commit": {
          "type": "string"
        },
        "manifest": {
          "type": "string"
        },
        "artifacts_sha256": {
          "type": "object"
        }
      },
      "required": [
        "commit"
      ]
    },
    "timestamp": {
      "type": "string",
      "format": "date-time"
    }
  },
  "required": [
    "schema_version",
    "inputs",
    "estimate",
    "status",
    "method",
    "provenance",
    "timestamp"
  ]
}