{
  "$schema": "https://json-schema.org/draft/2020-12/schema",
  "$id": "https://example.org/sft/q_eps_solution.schema.json",
  "title": "SFT Q_EPS_SOLUTION",
  "type": "object",
  "properties": {
    "schema_version": {
      "type": "string",
      "pattern": "^[0-9]+\\.[0-9]+\\.[0-9]+$"
    },
    "units": {
      "type": "object",
      "properties": {
        "charge": {
          "type": "string"
        },
        "permittivity": {
          "type": "string"
        },
        "field": {
          "type": "string"
        }
      },
      "required": [
        "charge",
        "permittivity"
      ]
    },
    "window": {
      "type": "string"
    },
    "fit": {
      "type": "object",
      "properties": {
        "r2": {
          "type": "number",
          "minimum": 0,
          "maximum": 1
        },
        "method": {
          "type": "string"
        }
      }
    },
    "estimate": {
      "type": "object",
      "properties": {
        "q_star": {
          "type": "number"
        },
        "q_ci95": {
          "type": "array",
          "items": {
            "type": "number"
          },
          "minItems": 2,
          "maxItems": 2
        },
        "eps_star": {
          "type": "number"
        },
        "eps_ci95": {
          "type": "array",
          "items": {
            "type": "number"
          },
          "minItems": 2,
          "maxItems": 2
        }
      },
      "required": [
        "q_star",
        "eps_star"
      ]
    },
    "method": {
      "type": "string"
    },
    "seed": {
      "type": "integer"
    },
    "provenance": {
      "type": "object",
      "properties": {
        "commit": {
          "type": "string"
        },
        "manifest": {
          "type": "string"
        },
        "artifacts_sha256": {
          "type": "object"
        }
      },
      "required": [
        "commit"
      ]
    },
    "timestamp": {
      "type": "string",
      "format": "date-time"
    }
  },
  "required": [
    "schema_version",
    "units",
    "estimate",
    "method",
    "provenance",
    "timestamp"
  ]
}