{
  "schema_version": "1.0.0",
  "suite_version": "alpha_elasticity_ci_minipack_v1_2_doc15_strict",
  "gate_id": "AE-CI-MIN-0002",
  "status": "CI",
  "lambda_set": [
    0.5,
    1.0,
    2.0
  ],
  "thresholds": {
    "T1": {
      "median_rel_error_max": 0.05,
      "cv_max": 0.05,
      "n_min": 20
    },
    "T2": {
      "between_family_cv_max": 0.03,
      "worst_family_rel_drift_max": 0.05
    },
    "T3": {
      "abs_spearman_rho_min": 0.8,
      "slope_ci_excludes_zero": true,
      "slope_sign_required": "positive"
    },
    "T4": {
      "F1_min": 0.85,
      "FP_rate_max": 0.05,
      "decision_rule": {
        "alpha_range": [
          1.0,
          12.0
        ],
        "smoothness_score_max": 5000.0,
        "stripe_score_max": 0.2,
        "min_grad_median": 1e-06
      }
    },
    "T5": {
      "robust_max_rel_drift_max": 0.05,
      "valid_fraction_min": 0.9,
      "perturbation_envelope": {
        "resolutions": [
          64,
          96,
          128
        ],
        "bc_tags": [
          "periodic",
          "absorbing"
        ],
        "noise_levels": [
          0.0,
          1e-05,
          5e-05
        ]
      },
      "policy": {
        "validity_expected_for": [
          {
            "bc_tag": "periodic"
          }
        ],
        "invalidity_expected_for": [
          {
            "bc_tag": "absorbing"
          }
        ],
        "invalid_fraction_max_for_absorbing": 0.1,
        "notes": "Doc15 allows robustness gates to require correct rejection for stress BC variants."
      }
    }
  },
  "normalization_required": {
    "alpha_like_definition": "alpha_like := median(|\u2207\u00b2S|)/(median(|\u2207S|)+eps) using FFT operators for periodic BC (CI toy)",
    "window_policy": "exclude R\u22480 nodes (mask radius r < r_min)",
    "units": "dimensionless (CI toy)",
    "stabilizer_eps": 1e-10,
    "r_min": 0.08,
    "operator_note": "For bc_tag=periodic: spectral (FFT) derivatives on domain [-1,1]^2. For non-periodic: finite-difference fallback (stress only).",
    "filtering": "Periodic BC uses fixed Gaussian low-pass in k-space: filt=exp(-(k^2)/(k_cut^2)), k_cut=0.25*k_max."
  },
  "notes": "Frozen CI gates. Physical interpretation is out of scope.",
  "reference_mapping": {
    "name": "stiffness_affine_map_v2",
    "alpha_ref_formula": "alpha_ref = a0 + k*(stiffness-1.0)",
    "a0": 5.785,
    "k": 6.0,
    "notes": "Locked scoring-only mapping. a0 set to expected baseline alpha_like for stiffness=1.0 under generator v2."
  }
}