{
  "experiment_name": "double_slit_SFT_simple",
  "seed": 424242,
  "grid": {
    "Nx": 1024,
    "Ny": 1024,
    "dx": 1.0,
    "dy": 1.0,
    "CFL": 0.5
  },
  "slits": {
    "y_plane": 256,
    "height_px": 12,
    "width_px": 8,
    "center_separation_px": 64,
    "antialias_px": 2
  },
  "detector": {
    "y_plane": 896,
    "integrate_rows": 3
  },
  "source": {
    "x0": 0,
    "y0": 128,
    "sigma_px": 24,
    "lambda_eff_px": 16.0,
    "k0": 0.3926990816875,
    "inject_steps": 200,
    "amplitude": 1.0
  },
  "sweeps": {
    "rho_crit": [
      0.1,
      0.3,
      0.6,
      1.2,
      2.0
    ],
    "S0": [
      -2,
      -1,
      0,
      1,
      2
    ]
  },
  "timestepping": {
    "n_steps": 4000
  },
  "notes": "Replace scripts/sim_driver.py synthetic generator with your solver call. Keep CSV schema identical."
}