{
  "zip_in": "synthetic_atom_existence_runner_pack_SPLIT019_CONSISTENT_FIXED_SHA_v2.zip",
  "zip_sha256": "80cd13259ab33df010a58f1def9749bb4808b6d4d96e51fcea6a534d166460fb",
  "members": 19,
  "found": {
    "EXISTENCE_REPORT": "/mnt/data/work_synth_atom_split019/cleaned/out_demo/EXISTENCE_REPORT_atomX.json",
    "EXISTENCE_REGION": "/mnt/data/work_synth_atom_split019/cleaned/out_demo/EXISTENCE_REGION_atomX.json",
    "SCAN": "/mnt/data/work_synth_atom_split019/cleaned/schemas/compatibility_scan_atomX.schema.json",
    "MANIFEST": "/mnt/data/work_synth_atom_split019/cleaned/_meta/MANIFEST.json"
  },
  "N_pass": 0,
  "has_report": true,
  "has_region": true,
  "GLOBAL_PASS": false
}