{
  "$schema": "https://json-schema.org/draft/2020-12/schema",
  "title": "COMPATIBILITY_SCAN_atomX",
  "type": "object",
  "required": [
    "schema_version",
    "grid",
    "split_meV",
    "compat_norm",
    "R2_disp",
    "thresholds",
    "sha256"
  ],
  "properties": {
    "schema_version": {
      "type": "string"
    },
    "grid": {
      "type": "object"
    },
    "split_meV": {
      "type": "array",
      "items": {
        "type": "number"
      }
    },
    "compat_norm": {
      "type": "array",
      "items": {
        "type": "number"
      }
    },
    "R2_disp": {
      "type": "array",
      "items": {
        "type": "number"
      }
    },
    "thresholds": {
      "type": "object"
    },
    "sha256": {
      "type": "object"
    }
  }
}