{
  "$schema": "https://json-schema.org/draft/2020-12/schema",
  "title": "EXISTENCE_REPORT_atomX",
  "type": "object",
  "required": [
    "schema_version",
    "system",
    "verdict",
    "maintenance_cost",
    "robustness",
    "thresholds",
    "reference_medium",
    "sha256"
  ],
  "properties": {
    "schema_version": {
      "type": "string"
    },
    "system": {
      "const": "atomX"
    },
    "verdict": {
      "enum": [
        "natural",
        "maintained"
      ]
    },
    "maintenance_cost": {
      "type": "object"
    },
    "robustness": {
      "type": "object"
    },
    "thresholds": {
      "type": "object"
    },
    "reference_medium": {
      "type": "object"
    },
    "sha256": {
      "type": "object"
    }
  }
}