{
  "csv": "/mnt/data/optics_bundle_work2/examples/dispersion_example_data.csv",
  "N_pairs": 150,
  "mean_Dn": -2.2550628031581255e-13,
  "stderr_Dn": 2.0067571008304374e-13,
  "allan_threshold_used": 1e-15,
  "null_sigma_used": 5.0,
  "criteria_profile": "strict",
  "criteria_path": "/mnt/data/optics_bundle_work2/config/criteria.json",
  "allan_min": 2.6944243374241015e-13,
  "pass_stability": false,
  "pass_null": true,
  "wavelengths_nm": [
    1550.0,
    775.0
  ],
  "k1": 4053667.9401158616,
  "k2": 8107335.880231723,
  "l_upper_bound_m_if_nonzero": 6.763484874986811e-14
}