{
  "schema_version": "1.0.0",
  "system": "atomX",
  "verdict": "natural",
  "maintenance_cost": {
    "deltaM_norm": 0.3674234614174767,
    "kappa_star": 1.25,
    "r_screen_star": 12.5,
    "bc_anchor_star": 0.1
  },
  "robustness": {
    "tau_mean": 10068.28110994197,
    "margins": {
      "split": 0.0,
      "compat": 0.0,
      "R2": 0.0013656221988394002
    }
  },
  "thresholds": {
    "split_thr": 0.19,
    "compat_thr": 0.02,
    "r2_thr": 0.98
  },
  "reference_medium": {
    "kappa_ref": 1.0,
    "r_screen_ref": 10.0,
    "bc_ref": 0.0
  },
  "sha256": {
    "input_csv": null
  },
  "verdict_original": "exists",
  "witness": {
    "controls": {
      "kappa": 0.7999999999999999,
      "r_screen": 13.0
    },
    "metrics": {}
  },
  "provenance": {
    "region_sha256": "b7b4e09b687a72c53a1de26be09543b5fa6457c180b7cda3533cc0f27f46c130",
    "normalization_note": "Non-destructive normalization: verdict mapped to schema and witness controls inferred from REGION."
  }
}