csv_path,n_columns_checked,n_pass,n_fail,PASS_file
/mnt/data/work_optics_null/cleaned/artifacts/optics_null_inventory.csv,1,0,1,False
/mnt/data/work_optics_null/cleaned/artifacts/optics_null_summary_per_column.csv,13,2,11,False
/mnt/data/work_optics_null/cleaned/artifacts/optics_null_summary_per_file.csv,2,2,0,True
/mnt/data/work_optics_null/cleaned/data_templates/birefringence_data_template.csv,4,0,4,False
/mnt/data/work_optics_null/cleaned/data_templates/dispersion_data_template.csv,8,0,8,False
/mnt/data/work_optics_null/cleaned/examples/birefringence_example_detection.csv,4,1,3,False
/mnt/data/work_optics_null/cleaned/examples/birefringence_example_null.csv,4,1,3,False
/mnt/data/work_optics_null/cleaned/examples/dispersion_example_data.csv,8,0,8,False
