csv_path,n_rows,n_cols,predictor,n_null_cols,sha256,size_bytes
/mnt/data/work_optics_null/cleaned/artifacts/optics_null_inventory.csv,33,3,path,1,8ae0cc7acc294fbe7a322b4afaa163f45edf6ec0b9ba6363581af35e0321beaf,3594
/mnt/data/work_optics_null/cleaned/artifacts/optics_null_summary_per_column.csv,15,17,std,13,1b0cac374622119bfe64abe4167d6f617ddd3fc94d38e95bb518c94e54e3250a,3221
/mnt/data/work_optics_null/cleaned/artifacts/optics_null_summary_per_file.csv,3,3,,2,721ee37363559ef599811a3bf418c3ec35697a3f952700e601c747d1c02c81f7,201
/mnt/data/work_optics_null/cleaned/data_templates/birefringence_data_template.csv,0,5,split_Hz,4,ef399b18d059ddea44b4a22ad1db6ff0b45b0b7f1e0eade6089a5ffc9db11907,45
/mnt/data/work_optics_null/cleaned/data_templates/dispersion_data_template.csv,0,9,timestamp_iso8601,8,2c2582a6061fe48fcdb43e3fac57f1338850bafb0f8623a6385e50c1fc92f2cd,111
/mnt/data/work_optics_null/cleaned/examples/birefringence_example_detection.csv,16,5,split_Hz,4,5094e630f60bb8fb1e559fe0b4b6986df8a3270017d79db11094c37be81e04e2,680
/mnt/data/work_optics_null/cleaned/examples/birefringence_example_null.csv,16,5,split_Hz,4,73c57dc9406f5b1e9713222a2ddd92f4c3b0420c65b9d6f6fca46322e83208d2,686
/mnt/data/work_optics_null/cleaned/examples/dispersion_example_data.csv,300,9,timestamp_iso8601,8,cbfa2783706c281e0affc69977e5df2df1fc975c2b46b5779aa39e1971b7ac32,30047
