csv_path,column,n,mean,std,se,mean_p,ci95_lo,ci95_hi,slope,slope_se,slope_p,r2,pass_mean,pass_slope,bounds_ok,fdr_mean_reject,fdr_slope_reject,gate_mean,gate_slope,gate_bounds,PASS_column
/mnt/data/work_optics_null/cleaned/artifacts/optics_null_inventory.csv,bytes,33,42971.454545454544,69660.93738337637,12126.4126913748,0.00039466674131638513,19203.685670359937,66739.22342054915,,,,,False,True,True,True,False,False,True,True,False
/mnt/data/work_optics_null/cleaned/artifacts/optics_null_summary_per_column.csv,n,15,148.53333333333333,146.6569693763875,37.86666666666666,8.762208296619889e-05,74.31466666666668,222.75199999999998,1.6428839375282154e-12,1.528309929683089e-12,0.2823891523364983,0.08163266473183772,False,True,True,True,False,False,True,True,False
/mnt/data/work_optics_null/cleaned/artifacts/optics_null_summary_per_column.csv,mean,15,19723248730774.68,76387808406986.83,19723247320902.86,0.31731047326945316,-18934316018194.92,58380813479744.28,2.994995959358963,6.911836285132038e-14,0.0,1.0,True,False,True,False,True,True,False,True,False
/mnt/data/work_optics_null/cleaned/artifacts/optics_null_summary_per_column.csv,se,15,380208291381.04865,1472540275347.0774,380208264202.5943,0.3173104732692944,-364999906456.0362,1125416489218.1335,0.057735026918961145,2.269632473719254e-15,0.0,1.0,True,False,True,False,True,True,False,True,False
/mnt/data/work_optics_null/cleaned/artifacts/optics_null_summary_per_column.csv,ci95_low,12,23722550599584.53,82177319866144.94,23722548873000.383,0.31731047264049295,-22773645191496.22,70218746390665.28,2.8818353065978006,8.21576789142155e-14,0.0,1.0,True,False,True,False,True,True,False,True,False
/mnt/data/work_optics_null/cleaned/artifacts/optics_null_summary_per_column.csv,ci95_high,12,25585571227351.668,88631012162110.45,25585569365171.734,0.3173104726404803,-24562144728384.934,75733287183088.27,3.1081566121201263,7.707764144829141e-14,0.0,1.0,True,False,True,False,True,True,False,True,False
/mnt/data/work_optics_null/cleaned/artifacts/optics_null_summary_per_column.csv,z_mean,15,inf,,,0.0,,,,,0.0,1.0,False,False,True,True,True,False,False,True,False
/mnt/data/work_optics_null/cleaned/artifacts/optics_null_summary_per_column.csv,p_mean_two_sided,12,0.2324386191001581,0.4147023749482053,0.11971426390496172,0.052184121725725285,-0.0022013381535668786,0.46707857635388306,-2.5669856498861444e-15,4.5266891269204964e-15,0.5706612141291276,0.03115584017009565,True,True,True,False,False,True,True,True,True
/mnt/data/work_optics_null/cleaned/artifacts/optics_null_summary_per_column.csv,slope,6,0.12167374723683715,0.15097177210729973,0.06163396787110504,0.04836644234854859,0.0008711702094712642,0.242476324264203,0.029408415078792258,0.050014275038639124,0.5565320062154402,0.07955932567606283,False,True,True,False,False,False,True,True,False
/mnt/data/work_optics_null/cleaned/artifacts/optics_null_summary_per_column.csv,se_slope,6,0.4053835875100866,0.42875980500517896,0.17504045741298357,0.020561423079291874,0.06230429098063878,0.7484628840395344,0.29173594079396714,0.025336555913475292,0.0,0.9707135736318213,False,False,True,True,True,False,False,True,False
/mnt/data/work_optics_null/cleaned/artifacts/optics_null_summary_per_column.csv,p_slope_two_sided,6,0.46421006060835796,0.43816120988630636,0.17887856488366247,0.009455986866158561,0.11360807343637952,0.8148120477803364,0.25999453432652003,0.07740741259376178,0.0007828712771846824,0.738244027783573,False,False,True,True,True,False,False,True,False
/mnt/data/work_optics_null/cleaned/artifacts/optics_null_summary_per_column.csv,R2,4,0.026826055641334497,0.04830102688793127,0.024150513443965634,0.2666604131183967,-0.020508950708838142,0.07416106199150714,-0.02315089264675722,0.02225595428478894,0.29824179475502754,0.35107901127530305,True,True,True,False,False,True,True,True,True
/mnt/data/work_optics_null/cleaned/artifacts/optics_null_summary_per_column.csv,PASS_mean≈0,15,0.26666666666666666,0.4577377082170635,0.11818736805705578,0.024051580332536293,0.03501942527483734,0.49831390805849596,-2.8924012984653007e-15,4.9124989851512296e-15,0.5560061125810263,0.02597402968740581,False,True,True,True,False,False,True,True,False
/mnt/data/work_optics_null/cleaned/artifacts/optics_null_summary_per_column.csv,PASS_slope≈0,15,0.8666666666666667,0.35186577527449836,0.09085135251589957,0.0,0.6885980157355036,1.0447353175978298,1.4462006492328647e-15,3.805205355781505e-15,0.7039019887728852,0.01098901256005913,False,True,True,True,False,False,True,True,False
/mnt/data/work_optics_null/cleaned/artifacts/optics_null_summary_per_file.csv,PASS_all_means≈0,3,0.0,0.0,0.0,1.0,0.0,0.0,,,,,True,True,True,False,False,True,True,True,True
/mnt/data/work_optics_null/cleaned/artifacts/optics_null_summary_per_file.csv,PASS_all_slopes≈0,3,0.3333333333333333,0.5773502691896258,0.33333333333333337,0.31731050786291437,-0.3200000000000001,0.9866666666666668,,,,,True,True,True,False,False,True,True,True,True
/mnt/data/work_optics_null/cleaned/data_templates/birefringence_data_template.csv,power_W,0,,,,,,,,,,,False,False,True,False,False,False,False,True,False
/mnt/data/work_optics_null/cleaned/data_templates/birefringence_data_template.csv,split_err_Hz,0,,,,,,,,,,,False,False,True,False,False,False,False,True,False
/mnt/data/work_optics_null/cleaned/data_templates/birefringence_data_template.csv,helicity,0,,,,,,,,,,,False,False,True,False,False,False,False,True,False
/mnt/data/work_optics_null/cleaned/data_templates/birefringence_data_template.csv,notes,0,,,,,,,,,,,False,False,True,False,False,False,False,True,False
/mnt/data/work_optics_null/cleaned/data_templates/dispersion_data_template.csv,wavelength_nm,0,,,,,,,,,,,False,False,True,False,False,False,False,True,False
/mnt/data/work_optics_null/cleaned/data_templates/dispersion_data_template.csv,mode_index_m,0,,,,,,,,,,,False,False,True,False,False,False,False,True,False
/mnt/data/work_optics_null/cleaned/data_templates/dispersion_data_template.csv,freq_hz,0,,,,,,,,,,,False,False,True,False,False,False,False,True,False
/mnt/data/work_optics_null/cleaned/data_templates/dispersion_data_template.csv,cavity_length_m,0,,,,,,,,,,,False,False,True,False,False,False,False,True,False
/mnt/data/work_optics_null/cleaned/data_templates/dispersion_data_template.csv,temperature_C,0,,,,,,,,,,,False,False,True,False,False,False,False,True,False
/mnt/data/work_optics_null/cleaned/data_templates/dispersion_data_template.csv,pressure_mbar,0,,,,,,,,,,,False,False,True,False,False,False,False,True,False
/mnt/data/work_optics_null/cleaned/data_templates/dispersion_data_template.csv,lock_ok,0,,,,,,,,,,,False,False,True,False,False,False,False,True,False
/mnt/data/work_optics_null/cleaned/data_templates/dispersion_data_template.csv,notes,0,,,,,,,,,,,False,False,True,False,False,False,False,True,False
/mnt/data/work_optics_null/cleaned/examples/birefringence_example_detection.csv,power_W,16,5.0,3.173968190463489,0.7934920476158722,2.9523494760042013e-10,3.4447555866728905,6.5552444133271095,0.1816148434634029,0.8116775998825738,0.8229499390338406,0.00356333966097222,False,True,True,True,False,False,True,True,False
/mnt/data/work_optics_null/cleaned/examples/birefringence_example_detection.csv,split_err_Hz,16,1.0,0.0,0.0,0.0,1.0,1.0,-1.0987322189492229e-16,7.875346346891389e-17,0.16296935795361822,1.0,False,True,True,True,False,False,True,True,False
/mnt/data/work_optics_null/cleaned/examples/birefringence_example_detection.csv,helicity,16,0.0,1.0327955589886444,0.2581988897471611,1.0,-0.5060698239044358,0.5060698239044358,0.06246855670186765,0.26406095649775174,0.8129914062217298,0.003981565828303668,True,True,True,False,False,True,True,True,True
/mnt/data/work_optics_null/cleaned/examples/birefringence_example_detection.csv,notes,0,,,,,,,,,,,False,False,True,False,False,False,False,True,False
/mnt/data/work_optics_null/cleaned/examples/birefringence_example_null.csv,power_W,16,5.0,3.173968190463489,0.7934920476158722,2.9523494760042013e-10,3.4447555866728905,6.5552444133271095,0.08834287517392711,1.0364083551420729,0.9320710304236359,0.0005187138922480017,False,True,True,True,False,False,True,True,False
/mnt/data/work_optics_null/cleaned/examples/birefringence_example_null.csv,split_err_Hz,16,1.0,0.0,0.0,0.0,1.0,1.0,-1.6644017929119667e-17,0.0,0.0,1.0,False,False,True,True,True,False,False,True,False
/mnt/data/work_optics_null/cleaned/examples/birefringence_example_null.csv,helicity,16,0.0,1.0327955589886444,0.2581988897471611,1.0,-0.5060698239044358,0.5060698239044358,0.39761620808182213,0.32015461353812147,0.21425479637137057,0.09924060318381422,True,True,True,False,False,True,True,True,True
/mnt/data/work_optics_null/cleaned/examples/birefringence_example_null.csv,notes,0,,,,,,,,,,,False,False,True,False,False,False,False,True,False
/mnt/data/work_optics_null/cleaned/examples/dispersion_example_data.csv,wavelength_nm,300,1162.5,388.1474524147409,22.409703613691807,0.0,1118.576980917164,1206.423019082836,,,,,False,True,True,True,False,False,True,True,False
/mnt/data/work_optics_null/cleaned/examples/dispersion_example_data.csv,mode_index_m,300,19737000.0,6589992.488868594,380473.39374058944,0.0,18991272.148268446,20482727.851731554,,,,,False,True,True,True,False,False,True,True,False
/mnt/data/work_optics_null/cleaned/examples/dispersion_example_data.csv,freq_hz,300,295848711223414.1,98781005129214.12,5703123990217.357,0.0,284670588202588.1,307026834244240.1,,,,,False,True,True,True,False,False,True,True,False
/mnt/data/work_optics_null/cleaned/examples/dispersion_example_data.csv,cavity_length_m,300,10.000049833333332,2.8915585954800346e-05,1.669442133477974e-06,0.0,10.00004656122675,10.000053105439914,,,,,False,True,True,True,False,False,True,True,False
/mnt/data/work_optics_null/cleaned/examples/dispersion_example_data.csv,temperature_C,300,20.0048082998873,0.004537039631546717,0.00026194610525974974,0.0,20.00429488552099,20.00532171425361,,,,,False,True,True,True,False,False,True,True,False
/mnt/data/work_optics_null/cleaned/examples/dispersion_example_data.csv,pressure_mbar,300,1.0000000000000002e-06,2.121120519923266e-22,1.2246295031613366e-23,0.0,1.0000000000000002e-06,1.0000000000000002e-06,,,,,False,True,True,True,False,False,True,True,False
/mnt/data/work_optics_null/cleaned/examples/dispersion_example_data.csv,lock_ok,300,1.0,0.0,0.0,0.0,1.0,1.0,,,,,False,True,True,True,False,False,True,True,False
/mnt/data/work_optics_null/cleaned/examples/dispersion_example_data.csv,notes,0,,,,,,,,,,,False,False,True,False,False,False,False,True,False
