{
  "schema_version": "1.0.0",
  "integrator": {
    "name": "",
    "cfl": 0.0
  },
  "grid": {
    "shape": [
      0,
      0,
      0
    ],
    "dx": 0.0,
    "dt": 0.0,
    "amr": false,
    "bc": ""
  },
  "units": {
    "system": "internal",
    "energy": "arb",
    "time": "Δt"
  },
  "components": {
    "t0": {
      "kin": 0.0,
      "grad": 0.0,
      "pot": 0.0,
      "em": 0.0,
      "total": 0.0
    },
    "tN": {
      "kin": 0.0,
      "grad": 0.0,
      "pot": 0.0,
      "em": 0.0,
      "total": 0.0
    }
  },
  "collapse_ledger": {
    "enabled": false,
    "events": 0,
    "energy_removed": 0.0
  },
  "conservation": {
    "delta_E": 0.0,
    "delta_E_rel": 0.0,
    "tolerance_rel": 0.001,
    "pass": false
  },
  "continuity_residual": {
    "L2": 0.0,
    "Linf": 0.0
  },
  "discretization": {
    "operators": "",
    "notation": "D_t, ∇_e",
    "signature": "- + + +"
  },
  "provenance": {
    "seed": 0,
    "commit": "",
    "calibration_hash": "",
    "artifacts_sha256": {
      "time_series_csv": "",
      "energy_plot_png": ""
    }
  },
  "timestamp": "YYYY-MM-DDTHH:MM:SSZ"
}