{
  "schema_version": "1.0.0",
  "systems": [
    {
      "name": "spin-1/2",
      "artifact": "EXISTENCE_REPORT_spin12.json",
      "status": "ready"
    },
    {
      "name": "hydrogen (2s\u20132p)",
      "artifact": "EXISTENCE_REPORT_H.json",
      "status": "ready"
    },
    {
      "name": "neutron (toy confinement)",
      "artifact": "EXISTENCE_REPORT_NEUTRON.json",
      "status": "ready"
    },
    {
      "name": "atomX (synthetic)",
      "artifact": "EXISTENCE_REPORT_atomX.json",
      "status": "ready"
    }
  ],
  "notes": "Place this file next to the reports; a simple script can merge all found reports into a single catalog."
}