{
  "schema_version": "1.0.0",
  "generator_version": "toy_structured_field_generator_v3",
  "datasets": [
    {
      "S_field": "datasets/S_field_structured_T1_000.npz",
      "meta": "datasets/meta_structured_T1_000.json"
    },
    {
      "S_field": "datasets/S_field_structured_T1_001.npz",
      "meta": "datasets/meta_structured_T1_001.json"
    },
    {
      "S_field": "datasets/S_field_structured_T1_002.npz",
      "meta": "datasets/meta_structured_T1_002.json"
    },
    {
      "S_field": "datasets/S_field_structured_T1_003.npz",
      "meta": "datasets/meta_structured_T1_003.json"
    },
    {
      "S_field": "datasets/S_field_structured_T1_004.npz",
      "meta": "datasets/meta_structured_T1_004.json"
    },
    {
      "S_field": "datasets/S_field_structured_T1_005.npz",
      "meta": "datasets/meta_structured_T1_005.json"
    },
    {
      "S_field": "datasets/S_field_structured_T1_006.npz",
      "meta": "datasets/meta_structured_T1_006.json"
    },
    {
      "S_field": "datasets/S_field_structured_T1_007.npz",
      "meta": "datasets/meta_structured_T1_007.json"
    },
    {
      "S_field": "datasets/S_field_structured_T1_008.npz",
      "meta": "datasets/meta_structured_T1_008.json"
    },
    {
      "S_field": "datasets/S_field_structured_T1_009.npz",
      "meta": "datasets/meta_structured_T1_009.json"
    },
    {
      "S_field": "datasets/S_field_structured_T1_010.npz",
      "meta": "datasets/meta_structured_T1_010.json"
    },
    {
      "S_field": "datasets/S_field_structured_T1_011.npz",
      "meta": "datasets/meta_structured_T1_011.json"
    },
    {
      "S_field": "datasets/S_field_structured_T1_012.npz",
      "meta": "datasets/meta_structured_T1_012.json"
    },
    {
      "S_field": "datasets/S_field_structured_T1_013.npz",
      "meta": "datasets/meta_structured_T1_013.json"
    },
    {
      "S_field": "datasets/S_field_structured_T1_014.npz",
      "meta": "datasets/meta_structured_T1_014.json"
    },
    {
      "S_field": "datasets/S_field_structured_T1_015.npz",
      "meta": "datasets/meta_structured_T1_015.json"
    },
    {
      "S_field": "datasets/S_field_structured_T1_016.npz",
      "meta": "datasets/meta_structured_T1_016.json"
    },
    {
      "S_field": "datasets/S_field_structured_T1_017.npz",
      "meta": "datasets/meta_structured_T1_017.json"
    },
    {
      "S_field": "datasets/S_field_structured_T1_018.npz",
      "meta": "datasets/meta_structured_T1_018.json"
    },
    {
      "S_field": "datasets/S_field_structured_T1_019.npz",
      "meta": "datasets/meta_structured_T1_019.json"
    },
    {
      "S_field": "datasets/S_field_structured_T1_020.npz",
      "meta": "datasets/meta_structured_T1_020.json"
    },
    {
      "S_field": "datasets/S_field_structured_T1_021.npz",
      "meta": "datasets/meta_structured_T1_021.json"
    },
    {
      "S_field": "datasets/S_field_structured_T1_022.npz",
      "meta": "datasets/meta_structured_T1_022.json"
    },
    {
      "S_field": "datasets/S_field_structured_T1_023.npz",
      "meta": "datasets/meta_structured_T1_023.json"
    },
    {
      "S_field": "datasets/S_field_structured_T1_024.npz",
      "meta": "datasets/meta_structured_T1_024.json"
    },
    {
      "S_field": "datasets/S_field_structured_T1_025.npz",
      "meta": "datasets/meta_structured_T1_025.json"
    },
    {
      "S_field": "datasets/S_field_structured_T1_026.npz",
      "meta": "datasets/meta_structured_T1_026.json"
    },
    {
      "S_field": "datasets/S_field_structured_T1_027.npz",
      "meta": "datasets/meta_structured_T1_027.json"
    },
    {
      "S_field": "datasets/S_field_structured_T1_028.npz",
      "meta": "datasets/meta_structured_T1_028.json"
    },
    {
      "S_field": "datasets/S_field_structured_T1_029.npz",
      "meta": "datasets/meta_structured_T1_029.json"
    },
    {
      "S_field": "datasets/S_field_structured_T1_030.npz",
      "meta": "datasets/meta_structured_T1_030.json"
    },
    {
      "S_field": "datasets/S_field_structured_T1_031.npz",
      "meta": "datasets/meta_structured_T1_031.json"
    },
    {
      "S_field": "datasets/S_field_structured_T1_032.npz",
      "meta": "datasets/meta_structured_T1_032.json"
    },
    {
      "S_field": "datasets/S_field_structured_T1_033.npz",
      "meta": "datasets/meta_structured_T1_033.json"
    },
    {
      "S_field": "datasets/S_field_structured_T1_034.npz",
      "meta": "datasets/meta_structured_T1_034.json"
    },
    {
      "S_field": "datasets/S_field_structured_T1_035.npz",
      "meta": "datasets/meta_structured_T1_035.json"
    },
    {
      "S_field": "datasets/S_field_structured_T1_036.npz",
      "meta": "datasets/meta_structured_T1_036.json"
    },
    {
      "S_field": "datasets/S_field_structured_T1_037.npz",
      "meta": "datasets/meta_structured_T1_037.json"
    },
    {
      "S_field": "datasets/S_field_structured_T1_038.npz",
      "meta": "datasets/meta_structured_T1_038.json"
    },
    {
      "S_field": "datasets/S_field_structured_T1_039.npz",
      "meta": "datasets/meta_structured_T1_039.json"
    },
    {
      "S_field": "datasets/S_field_family0_T2_000.npz",
      "meta": "datasets/meta_family0_T2_000.json"
    },
    {
      "S_field": "datasets/S_field_family0_T2_001.npz",
      "meta": "datasets/meta_family0_T2_001.json"
    },
    {
      "S_field": "datasets/S_field_family0_T2_002.npz",
      "meta": "datasets/meta_family0_T2_002.json"
    },
    {
      "S_field": "datasets/S_field_family0_T2_003.npz",
      "meta": "datasets/meta_family0_T2_003.json"
    },
    {
      "S_field": "datasets/S_field_family0_T2_004.npz",
      "meta": "datasets/meta_family0_T2_004.json"
    },
    {
      "S_field": "datasets/S_field_family0_T2_005.npz",
      "meta": "datasets/meta_family0_T2_005.json"
    },
    {
      "S_field": "datasets/S_field_family0_T2_006.npz",
      "meta": "datasets/meta_family0_T2_006.json"
    },
    {
      "S_field": "datasets/S_field_family0_T2_007.npz",
      "meta": "datasets/meta_family0_T2_007.json"
    },
    {
      "S_field": "datasets/S_field_family0_T2_008.npz",
      "meta": "datasets/meta_family0_T2_008.json"
    },
    {
      "S_field": "datasets/S_field_family0_T2_009.npz",
      "meta": "datasets/meta_family0_T2_009.json"
    },
    {
      "S_field": "datasets/S_field_family0_T2_010.npz",
      "meta": "datasets/meta_family0_T2_010.json"
    },
    {
      "S_field": "datasets/S_field_family0_T2_011.npz",
      "meta": "datasets/meta_family0_T2_011.json"
    },
    {
      "S_field": "datasets/S_field_family0_T2_012.npz",
      "meta": "datasets/meta_family0_T2_012.json"
    },
    {
      "S_field": "datasets/S_field_family0_T2_013.npz",
      "meta": "datasets/meta_family0_T2_013.json"
    },
    {
      "S_field": "datasets/S_field_family0_T2_014.npz",
      "meta": "datasets/meta_family0_T2_014.json"
    },
    {
      "S_field": "datasets/S_field_family0_T2_015.npz",
      "meta": "datasets/meta_family0_T2_015.json"
    },
    {
      "S_field": "datasets/S_field_family0_T2_016.npz",
      "meta": "datasets/meta_family0_T2_016.json"
    },
    {
      "S_field": "datasets/S_field_family0_T2_017.npz",
      "meta": "datasets/meta_family0_T2_017.json"
    },
    {
      "S_field": "datasets/S_field_family0_T2_018.npz",
      "meta": "datasets/meta_family0_T2_018.json"
    },
    {
      "S_field": "datasets/S_field_family0_T2_019.npz",
      "meta": "datasets/meta_family0_T2_019.json"
    },
    {
      "S_field": "datasets/S_field_family1_T2_000.npz",
      "meta": "datasets/meta_family1_T2_000.json"
    },
    {
      "S_field": "datasets/S_field_family1_T2_001.npz",
      "meta": "datasets/meta_family1_T2_001.json"
    },
    {
      "S_field": "datasets/S_field_family1_T2_002.npz",
      "meta": "datasets/meta_family1_T2_002.json"
    },
    {
      "S_field": "datasets/S_field_family1_T2_003.npz",
      "meta": "datasets/meta_family1_T2_003.json"
    },
    {
      "S_field": "datasets/S_field_family1_T2_004.npz",
      "meta": "datasets/meta_family1_T2_004.json"
    },
    {
      "S_field": "datasets/S_field_family1_T2_005.npz",
      "meta": "datasets/meta_family1_T2_005.json"
    },
    {
      "S_field": "datasets/S_field_family1_T2_006.npz",
      "meta": "datasets/meta_family1_T2_006.json"
    },
    {
      "S_field": "datasets/S_field_family1_T2_007.npz",
      "meta": "datasets/meta_family1_T2_007.json"
    },
    {
      "S_field": "datasets/S_field_family1_T2_008.npz",
      "meta": "datasets/meta_family1_T2_008.json"
    },
    {
      "S_field": "datasets/S_field_family1_T2_009.npz",
      "meta": "datasets/meta_family1_T2_009.json"
    },
    {
      "S_field": "datasets/S_field_family1_T2_010.npz",
      "meta": "datasets/meta_family1_T2_010.json"
    },
    {
      "S_field": "datasets/S_field_family1_T2_011.npz",
      "meta": "datasets/meta_family1_T2_011.json"
    },
    {
      "S_field": "datasets/S_field_family1_T2_012.npz",
      "meta": "datasets/meta_family1_T2_012.json"
    },
    {
      "S_field": "datasets/S_field_family1_T2_013.npz",
      "meta": "datasets/meta_family1_T2_013.json"
    },
    {
      "S_field": "datasets/S_field_family1_T2_014.npz",
      "meta": "datasets/meta_family1_T2_014.json"
    },
    {
      "S_field": "datasets/S_field_family1_T2_015.npz",
      "meta": "datasets/meta_family1_T2_015.json"
    },
    {
      "S_field": "datasets/S_field_family1_T2_016.npz",
      "meta": "datasets/meta_family1_T2_016.json"
    },
    {
      "S_field": "datasets/S_field_family1_T2_017.npz",
      "meta": "datasets/meta_family1_T2_017.json"
    },
    {
      "S_field": "datasets/S_field_family1_T2_018.npz",
      "meta": "datasets/meta_family1_T2_018.json"
    },
    {
      "S_field": "datasets/S_field_family1_T2_019.npz",
      "meta": "datasets/meta_family1_T2_019.json"
    },
    {
      "S_field": "datasets/S_field_family2_T2_000.npz",
      "meta": "datasets/meta_family2_T2_000.json"
    },
    {
      "S_field": "datasets/S_field_family2_T2_001.npz",
      "meta": "datasets/meta_family2_T2_001.json"
    },
    {
      "S_field": "datasets/S_field_family2_T2_002.npz",
      "meta": "datasets/meta_family2_T2_002.json"
    },
    {
      "S_field": "datasets/S_field_family2_T2_003.npz",
      "meta": "datasets/meta_family2_T2_003.json"
    },
    {
      "S_field": "datasets/S_field_family2_T2_004.npz",
      "meta": "datasets/meta_family2_T2_004.json"
    },
    {
      "S_field": "datasets/S_field_family2_T2_005.npz",
      "meta": "datasets/meta_family2_T2_005.json"
    },
    {
      "S_field": "datasets/S_field_family2_T2_006.npz",
      "meta": "datasets/meta_family2_T2_006.json"
    },
    {
      "S_field": "datasets/S_field_family2_T2_007.npz",
      "meta": "datasets/meta_family2_T2_007.json"
    },
    {
      "S_field": "datasets/S_field_family2_T2_008.npz",
      "meta": "datasets/meta_family2_T2_008.json"
    },
    {
      "S_field": "datasets/S_field_family2_T2_009.npz",
      "meta": "datasets/meta_family2_T2_009.json"
    },
    {
      "S_field": "datasets/S_field_family2_T2_010.npz",
      "meta": "datasets/meta_family2_T2_010.json"
    },
    {
      "S_field": "datasets/S_field_family2_T2_011.npz",
      "meta": "datasets/meta_family2_T2_011.json"
    },
    {
      "S_field": "datasets/S_field_family2_T2_012.npz",
      "meta": "datasets/meta_family2_T2_012.json"
    },
    {
      "S_field": "datasets/S_field_family2_T2_013.npz",
      "meta": "datasets/meta_family2_T2_013.json"
    },
    {
      "S_field": "datasets/S_field_family2_T2_014.npz",
      "meta": "datasets/meta_family2_T2_014.json"
    },
    {
      "S_field": "datasets/S_field_family2_T2_015.npz",
      "meta": "datasets/meta_family2_T2_015.json"
    },
    {
      "S_field": "datasets/S_field_family2_T2_016.npz",
      "meta": "datasets/meta_family2_T2_016.json"
    },
    {
      "S_field": "datasets/S_field_family2_T2_017.npz",
      "meta": "datasets/meta_family2_T2_017.json"
    },
    {
      "S_field": "datasets/S_field_family2_T2_018.npz",
      "meta": "datasets/meta_family2_T2_018.json"
    },
    {
      "S_field": "datasets/S_field_family2_T2_019.npz",
      "meta": "datasets/meta_family2_T2_019.json"
    },
    {
      "S_field": "datasets/S_field_family3_T2_000.npz",
      "meta": "datasets/meta_family3_T2_000.json"
    },
    {
      "S_field": "datasets/S_field_family3_T2_001.npz",
      "meta": "datasets/meta_family3_T2_001.json"
    },
    {
      "S_field": "datasets/S_field_family3_T2_002.npz",
      "meta": "datasets/meta_family3_T2_002.json"
    },
    {
      "S_field": "datasets/S_field_family3_T2_003.npz",
      "meta": "datasets/meta_family3_T2_003.json"
    },
    {
      "S_field": "datasets/S_field_family3_T2_004.npz",
      "meta": "datasets/meta_family3_T2_004.json"
    },
    {
      "S_field": "datasets/S_field_family3_T2_005.npz",
      "meta": "datasets/meta_family3_T2_005.json"
    },
    {
      "S_field": "datasets/S_field_family3_T2_006.npz",
      "meta": "datasets/meta_family3_T2_006.json"
    },
    {
      "S_field": "datasets/S_field_family3_T2_007.npz",
      "meta": "datasets/meta_family3_T2_007.json"
    },
    {
      "S_field": "datasets/S_field_family3_T2_008.npz",
      "meta": "datasets/meta_family3_T2_008.json"
    },
    {
      "S_field": "datasets/S_field_family3_T2_009.npz",
      "meta": "datasets/meta_family3_T2_009.json"
    },
    {
      "S_field": "datasets/S_field_family3_T2_010.npz",
      "meta": "datasets/meta_family3_T2_010.json"
    },
    {
      "S_field": "datasets/S_field_family3_T2_011.npz",
      "meta": "datasets/meta_family3_T2_011.json"
    },
    {
      "S_field": "datasets/S_field_family3_T2_012.npz",
      "meta": "datasets/meta_family3_T2_012.json"
    },
    {
      "S_field": "datasets/S_field_family3_T2_013.npz",
      "meta": "datasets/meta_family3_T2_013.json"
    },
    {
      "S_field": "datasets/S_field_family3_T2_014.npz",
      "meta": "datasets/meta_family3_T2_014.json"
    },
    {
      "S_field": "datasets/S_field_family3_T2_015.npz",
      "meta": "datasets/meta_family3_T2_015.json"
    },
    {
      "S_field": "datasets/S_field_family3_T2_016.npz",
      "meta": "datasets/meta_family3_T2_016.json"
    },
    {
      "S_field": "datasets/S_field_family3_T2_017.npz",
      "meta": "datasets/meta_family3_T2_017.json"
    },
    {
      "S_field": "datasets/S_field_family3_T2_018.npz",
      "meta": "datasets/meta_family3_T2_018.json"
    },
    {
      "S_field": "datasets/S_field_family3_T2_019.npz",
      "meta": "datasets/meta_family3_T2_019.json"
    },
    {
      "S_field": "datasets/S_field_family4_T2_000.npz",
      "meta": "datasets/meta_family4_T2_000.json"
    },
    {
      "S_field": "datasets/S_field_family4_T2_001.npz",
      "meta": "datasets/meta_family4_T2_001.json"
    },
    {
      "S_field": "datasets/S_field_family4_T2_002.npz",
      "meta": "datasets/meta_family4_T2_002.json"
    },
    {
      "S_field": "datasets/S_field_family4_T2_003.npz",
      "meta": "datasets/meta_family4_T2_003.json"
    },
    {
      "S_field": "datasets/S_field_family4_T2_004.npz",
      "meta": "datasets/meta_family4_T2_004.json"
    },
    {
      "S_field": "datasets/S_field_family4_T2_005.npz",
      "meta": "datasets/meta_family4_T2_005.json"
    },
    {
      "S_field": "datasets/S_field_family4_T2_006.npz",
      "meta": "datasets/meta_family4_T2_006.json"
    },
    {
      "S_field": "datasets/S_field_family4_T2_007.npz",
      "meta": "datasets/meta_family4_T2_007.json"
    },
    {
      "S_field": "datasets/S_field_family4_T2_008.npz",
      "meta": "datasets/meta_family4_T2_008.json"
    },
    {
      "S_field": "datasets/S_field_family4_T2_009.npz",
      "meta": "datasets/meta_family4_T2_009.json"
    },
    {
      "S_field": "datasets/S_field_family4_T2_010.npz",
      "meta": "datasets/meta_family4_T2_010.json"
    },
    {
      "S_field": "datasets/S_field_family4_T2_011.npz",
      "meta": "datasets/meta_family4_T2_011.json"
    },
    {
      "S_field": "datasets/S_field_family4_T2_012.npz",
      "meta": "datasets/meta_family4_T2_012.json"
    },
    {
      "S_field": "datasets/S_field_family4_T2_013.npz",
      "meta": "datasets/meta_family4_T2_013.json"
    },
    {
      "S_field": "datasets/S_field_family4_T2_014.npz",
      "meta": "datasets/meta_family4_T2_014.json"
    },
    {
      "S_field": "datasets/S_field_family4_T2_015.npz",
      "meta": "datasets/meta_family4_T2_015.json"
    },
    {
      "S_field": "datasets/S_field_family4_T2_016.npz",
      "meta": "datasets/meta_family4_T2_016.json"
    },
    {
      "S_field": "datasets/S_field_family4_T2_017.npz",
      "meta": "datasets/meta_family4_T2_017.json"
    },
    {
      "S_field": "datasets/S_field_family4_T2_018.npz",
      "meta": "datasets/meta_family4_T2_018.json"
    },
    {
      "S_field": "datasets/S_field_family4_T2_019.npz",
      "meta": "datasets/meta_family4_T2_019.json"
    },
    {
      "S_field": "datasets/S_field_sweep_st00_00.npz",
      "meta": "datasets/meta_sweep_st00_00.json"
    },
    {
      "S_field": "datasets/S_field_sweep_st00_01.npz",
      "meta": "datasets/meta_sweep_st00_01.json"
    },
    {
      "S_field": "datasets/S_field_sweep_st00_02.npz",
      "meta": "datasets/meta_sweep_st00_02.json"
    },
    {
      "S_field": "datasets/S_field_sweep_st00_03.npz",
      "meta": "datasets/meta_sweep_st00_03.json"
    },
    {
      "S_field": "datasets/S_field_sweep_st00_04.npz",
      "meta": "datasets/meta_sweep_st00_04.json"
    },
    {
      "S_field": "datasets/S_field_sweep_st00_05.npz",
      "meta": "datasets/meta_sweep_st00_05.json"
    },
    {
      "S_field": "datasets/S_field_sweep_st00_06.npz",
      "meta": "datasets/meta_sweep_st00_06.json"
    },
    {
      "S_field": "datasets/S_field_sweep_st00_07.npz",
      "meta": "datasets/meta_sweep_st00_07.json"
    },
    {
      "S_field": "datasets/S_field_sweep_st00_08.npz",
      "meta": "datasets/meta_sweep_st00_08.json"
    },
    {
      "S_field": "datasets/S_field_sweep_st00_09.npz",
      "meta": "datasets/meta_sweep_st00_09.json"
    },
    {
      "S_field": "datasets/S_field_sweep_st01_00.npz",
      "meta": "datasets/meta_sweep_st01_00.json"
    },
    {
      "S_field": "datasets/S_field_sweep_st01_01.npz",
      "meta": "datasets/meta_sweep_st01_01.json"
    },
    {
      "S_field": "datasets/S_field_sweep_st01_02.npz",
      "meta": "datasets/meta_sweep_st01_02.json"
    },
    {
      "S_field": "datasets/S_field_sweep_st01_03.npz",
      "meta": "datasets/meta_sweep_st01_03.json"
    },
    {
      "S_field": "datasets/S_field_sweep_st01_04.npz",
      "meta": "datasets/meta_sweep_st01_04.json"
    },
    {
      "S_field": "datasets/S_field_sweep_st01_05.npz",
      "meta": "datasets/meta_sweep_st01_05.json"
    },
    {
      "S_field": "datasets/S_field_sweep_st01_06.npz",
      "meta": "datasets/meta_sweep_st01_06.json"
    },
    {
      "S_field": "datasets/S_field_sweep_st01_07.npz",
      "meta": "datasets/meta_sweep_st01_07.json"
    },
    {
      "S_field": "datasets/S_field_sweep_st01_08.npz",
      "meta": "datasets/meta_sweep_st01_08.json"
    },
    {
      "S_field": "datasets/S_field_sweep_st01_09.npz",
      "meta": "datasets/meta_sweep_st01_09.json"
    },
    {
      "S_field": "datasets/S_field_sweep_st02_00.npz",
      "meta": "datasets/meta_sweep_st02_00.json"
    },
    {
      "S_field": "datasets/S_field_sweep_st02_01.npz",
      "meta": "datasets/meta_sweep_st02_01.json"
    },
    {
      "S_field": "datasets/S_field_sweep_st02_02.npz",
      "meta": "datasets/meta_sweep_st02_02.json"
    },
    {
      "S_field": "datasets/S_field_sweep_st02_03.npz",
      "meta": "datasets/meta_sweep_st02_03.json"
    },
    {
      "S_field": "datasets/S_field_sweep_st02_04.npz",
      "meta": "datasets/meta_sweep_st02_04.json"
    },
    {
      "S_field": "datasets/S_field_sweep_st02_05.npz",
      "meta": "datasets/meta_sweep_st02_05.json"
    },
    {
      "S_field": "datasets/S_field_sweep_st02_06.npz",
      "meta": "datasets/meta_sweep_st02_06.json"
    },
    {
      "S_field": "datasets/S_field_sweep_st02_07.npz",
      "meta": "datasets/meta_sweep_st02_07.json"
    },
    {
      "S_field": "datasets/S_field_sweep_st02_08.npz",
      "meta": "datasets/meta_sweep_st02_08.json"
    },
    {
      "S_field": "datasets/S_field_sweep_st02_09.npz",
      "meta": "datasets/meta_sweep_st02_09.json"
    },
    {
      "S_field": "datasets/S_field_sweep_st03_00.npz",
      "meta": "datasets/meta_sweep_st03_00.json"
    },
    {
      "S_field": "datasets/S_field_sweep_st03_01.npz",
      "meta": "datasets/meta_sweep_st03_01.json"
    },
    {
      "S_field": "datasets/S_field_sweep_st03_02.npz",
      "meta": "datasets/meta_sweep_st03_02.json"
    },
    {
      "S_field": "datasets/S_field_sweep_st03_03.npz",
      "meta": "datasets/meta_sweep_st03_03.json"
    },
    {
      "S_field": "datasets/S_field_sweep_st03_04.npz",
      "meta": "datasets/meta_sweep_st03_04.json"
    },
    {
      "S_field": "datasets/S_field_sweep_st03_05.npz",
      "meta": "datasets/meta_sweep_st03_05.json"
    },
    {
      "S_field": "datasets/S_field_sweep_st03_06.npz",
      "meta": "datasets/meta_sweep_st03_06.json"
    },
    {
      "S_field": "datasets/S_field_sweep_st03_07.npz",
      "meta": "datasets/meta_sweep_st03_07.json"
    },
    {
      "S_field": "datasets/S_field_sweep_st03_08.npz",
      "meta": "datasets/meta_sweep_st03_08.json"
    },
    {
      "S_field": "datasets/S_field_sweep_st03_09.npz",
      "meta": "datasets/meta_sweep_st03_09.json"
    },
    {
      "S_field": "datasets/S_field_sweep_st04_00.npz",
      "meta": "datasets/meta_sweep_st04_00.json"
    },
    {
      "S_field": "datasets/S_field_sweep_st04_01.npz",
      "meta": "datasets/meta_sweep_st04_01.json"
    },
    {
      "S_field": "datasets/S_field_sweep_st04_02.npz",
      "meta": "datasets/meta_sweep_st04_02.json"
    },
    {
      "S_field": "datasets/S_field_sweep_st04_03.npz",
      "meta": "datasets/meta_sweep_st04_03.json"
    },
    {
      "S_field": "datasets/S_field_sweep_st04_04.npz",
      "meta": "datasets/meta_sweep_st04_04.json"
    },
    {
      "S_field": "datasets/S_field_sweep_st04_05.npz",
      "meta": "datasets/meta_sweep_st04_05.json"
    },
    {
      "S_field": "datasets/S_field_sweep_st04_06.npz",
      "meta": "datasets/meta_sweep_st04_06.json"
    },
    {
      "S_field": "datasets/S_field_sweep_st04_07.npz",
      "meta": "datasets/meta_sweep_st04_07.json"
    },
    {
      "S_field": "datasets/S_field_sweep_st04_08.npz",
      "meta": "datasets/meta_sweep_st04_08.json"
    },
    {
      "S_field": "datasets/S_field_sweep_st04_09.npz",
      "meta": "datasets/meta_sweep_st04_09.json"
    },
    {
      "S_field": "datasets/S_field_sweep_st05_00.npz",
      "meta": "datasets/meta_sweep_st05_00.json"
    },
    {
      "S_field": "datasets/S_field_sweep_st05_01.npz",
      "meta": "datasets/meta_sweep_st05_01.json"
    },
    {
      "S_field": "datasets/S_field_sweep_st05_02.npz",
      "meta": "datasets/meta_sweep_st05_02.json"
    },
    {
      "S_field": "datasets/S_field_sweep_st05_03.npz",
      "meta": "datasets/meta_sweep_st05_03.json"
    },
    {
      "S_field": "datasets/S_field_sweep_st05_04.npz",
      "meta": "datasets/meta_sweep_st05_04.json"
    },
    {
      "S_field": "datasets/S_field_sweep_st05_05.npz",
      "meta": "datasets/meta_sweep_st05_05.json"
    },
    {
      "S_field": "datasets/S_field_sweep_st05_06.npz",
      "meta": "datasets/meta_sweep_st05_06.json"
    },
    {
      "S_field": "datasets/S_field_sweep_st05_07.npz",
      "meta": "datasets/meta_sweep_st05_07.json"
    },
    {
      "S_field": "datasets/S_field_sweep_st05_08.npz",
      "meta": "datasets/meta_sweep_st05_08.json"
    },
    {
      "S_field": "datasets/S_field_sweep_st05_09.npz",
      "meta": "datasets/meta_sweep_st05_09.json"
    },
    {
      "S_field": "datasets/S_field_sweep_st06_00.npz",
      "meta": "datasets/meta_sweep_st06_00.json"
    },
    {
      "S_field": "datasets/S_field_sweep_st06_01.npz",
      "meta": "datasets/meta_sweep_st06_01.json"
    },
    {
      "S_field": "datasets/S_field_sweep_st06_02.npz",
      "meta": "datasets/meta_sweep_st06_02.json"
    },
    {
      "S_field": "datasets/S_field_sweep_st06_03.npz",
      "meta": "datasets/meta_sweep_st06_03.json"
    },
    {
      "S_field": "datasets/S_field_sweep_st06_04.npz",
      "meta": "datasets/meta_sweep_st06_04.json"
    },
    {
      "S_field": "datasets/S_field_sweep_st06_05.npz",
      "meta": "datasets/meta_sweep_st06_05.json"
    },
    {
      "S_field": "datasets/S_field_sweep_st06_06.npz",
      "meta": "datasets/meta_sweep_st06_06.json"
    },
    {
      "S_field": "datasets/S_field_sweep_st06_07.npz",
      "meta": "datasets/meta_sweep_st06_07.json"
    },
    {
      "S_field": "datasets/S_field_sweep_st06_08.npz",
      "meta": "datasets/meta_sweep_st06_08.json"
    },
    {
      "S_field": "datasets/S_field_sweep_st06_09.npz",
      "meta": "datasets/meta_sweep_st06_09.json"
    },
    {
      "S_field": "datasets/S_field_sweep_st07_00.npz",
      "meta": "datasets/meta_sweep_st07_00.json"
    },
    {
      "S_field": "datasets/S_field_sweep_st07_01.npz",
      "meta": "datasets/meta_sweep_st07_01.json"
    },
    {
      "S_field": "datasets/S_field_sweep_st07_02.npz",
      "meta": "datasets/meta_sweep_st07_02.json"
    },
    {
      "S_field": "datasets/S_field_sweep_st07_03.npz",
      "meta": "datasets/meta_sweep_st07_03.json"
    },
    {
      "S_field": "datasets/S_field_sweep_st07_04.npz",
      "meta": "datasets/meta_sweep_st07_04.json"
    },
    {
      "S_field": "datasets/S_field_sweep_st07_05.npz",
      "meta": "datasets/meta_sweep_st07_05.json"
    },
    {
      "S_field": "datasets/S_field_sweep_st07_06.npz",
      "meta": "datasets/meta_sweep_st07_06.json"
    },
    {
      "S_field": "datasets/S_field_sweep_st07_07.npz",
      "meta": "datasets/meta_sweep_st07_07.json"
    },
    {
      "S_field": "datasets/S_field_sweep_st07_08.npz",
      "meta": "datasets/meta_sweep_st07_08.json"
    },
    {
      "S_field": "datasets/S_field_sweep_st07_09.npz",
      "meta": "datasets/meta_sweep_st07_09.json"
    },
    {
      "S_field": "datasets/S_field_sweep_st08_00.npz",
      "meta": "datasets/meta_sweep_st08_00.json"
    },
    {
      "S_field": "datasets/S_field_sweep_st08_01.npz",
      "meta": "datasets/meta_sweep_st08_01.json"
    },
    {
      "S_field": "datasets/S_field_sweep_st08_02.npz",
      "meta": "datasets/meta_sweep_st08_02.json"
    },
    {
      "S_field": "datasets/S_field_sweep_st08_03.npz",
      "meta": "datasets/meta_sweep_st08_03.json"
    },
    {
      "S_field": "datasets/S_field_sweep_st08_04.npz",
      "meta": "datasets/meta_sweep_st08_04.json"
    },
    {
      "S_field": "datasets/S_field_sweep_st08_05.npz",
      "meta": "datasets/meta_sweep_st08_05.json"
    },
    {
      "S_field": "datasets/S_field_sweep_st08_06.npz",
      "meta": "datasets/meta_sweep_st08_06.json"
    },
    {
      "S_field": "datasets/S_field_sweep_st08_07.npz",
      "meta": "datasets/meta_sweep_st08_07.json"
    },
    {
      "S_field": "datasets/S_field_sweep_st08_08.npz",
      "meta": "datasets/meta_sweep_st08_08.json"
    },
    {
      "S_field": "datasets/S_field_sweep_st08_09.npz",
      "meta": "datasets/meta_sweep_st08_09.json"
    },
    {
      "S_field": "datasets/S_field_sweep_st09_00.npz",
      "meta": "datasets/meta_sweep_st09_00.json"
    },
    {
      "S_field": "datasets/S_field_sweep_st09_01.npz",
      "meta": "datasets/meta_sweep_st09_01.json"
    },
    {
      "S_field": "datasets/S_field_sweep_st09_02.npz",
      "meta": "datasets/meta_sweep_st09_02.json"
    },
    {
      "S_field": "datasets/S_field_sweep_st09_03.npz",
      "meta": "datasets/meta_sweep_st09_03.json"
    },
    {
      "S_field": "datasets/S_field_sweep_st09_04.npz",
      "meta": "datasets/meta_sweep_st09_04.json"
    },
    {
      "S_field": "datasets/S_field_sweep_st09_05.npz",
      "meta": "datasets/meta_sweep_st09_05.json"
    },
    {
      "S_field": "datasets/S_field_sweep_st09_06.npz",
      "meta": "datasets/meta_sweep_st09_06.json"
    },
    {
      "S_field": "datasets/S_field_sweep_st09_07.npz",
      "meta": "datasets/meta_sweep_st09_07.json"
    },
    {
      "S_field": "datasets/S_field_sweep_st09_08.npz",
      "meta": "datasets/meta_sweep_st09_08.json"
    },
    {
      "S_field": "datasets/S_field_sweep_st09_09.npz",
      "meta": "datasets/meta_sweep_st09_09.json"
    },
    {
      "S_field": "datasets/S_field_null_000.npz",
      "meta": "datasets/meta_null_000.json"
    },
    {
      "S_field": "datasets/S_field_null_001.npz",
      "meta": "datasets/meta_null_001.json"
    },
    {
      "S_field": "datasets/S_field_null_002.npz",
      "meta": "datasets/meta_null_002.json"
    },
    {
      "S_field": "datasets/S_field_null_003.npz",
      "meta": "datasets/meta_null_003.json"
    },
    {
      "S_field": "datasets/S_field_null_004.npz",
      "meta": "datasets/meta_null_004.json"
    },
    {
      "S_field": "datasets/S_field_null_005.npz",
      "meta": "datasets/meta_null_005.json"
    },
    {
      "S_field": "datasets/S_field_null_006.npz",
      "meta": "datasets/meta_null_006.json"
    },
    {
      "S_field": "datasets/S_field_null_007.npz",
      "meta": "datasets/meta_null_007.json"
    },
    {
      "S_field": "datasets/S_field_null_008.npz",
      "meta": "datasets/meta_null_008.json"
    },
    {
      "S_field": "datasets/S_field_null_009.npz",
      "meta": "datasets/meta_null_009.json"
    },
    {
      "S_field": "datasets/S_field_null_010.npz",
      "meta": "datasets/meta_null_010.json"
    },
    {
      "S_field": "datasets/S_field_null_011.npz",
      "meta": "datasets/meta_null_011.json"
    },
    {
      "S_field": "datasets/S_field_null_012.npz",
      "meta": "datasets/meta_null_012.json"
    },
    {
      "S_field": "datasets/S_field_null_013.npz",
      "meta": "datasets/meta_null_013.json"
    },
    {
      "S_field": "datasets/S_field_null_014.npz",
      "meta": "datasets/meta_null_014.json"
    },
    {
      "S_field": "datasets/S_field_null_015.npz",
      "meta": "datasets/meta_null_015.json"
    },
    {
      "S_field": "datasets/S_field_null_016.npz",
      "meta": "datasets/meta_null_016.json"
    },
    {
      "S_field": "datasets/S_field_null_017.npz",
      "meta": "datasets/meta_null_017.json"
    },
    {
      "S_field": "datasets/S_field_null_018.npz",
      "meta": "datasets/meta_null_018.json"
    },
    {
      "S_field": "datasets/S_field_null_019.npz",
      "meta": "datasets/meta_null_019.json"
    },
    {
      "S_field": "datasets/S_field_null_020.npz",
      "meta": "datasets/meta_null_020.json"
    },
    {
      "S_field": "datasets/S_field_null_021.npz",
      "meta": "datasets/meta_null_021.json"
    },
    {
      "S_field": "datasets/S_field_null_022.npz",
      "meta": "datasets/meta_null_022.json"
    },
    {
      "S_field": "datasets/S_field_null_023.npz",
      "meta": "datasets/meta_null_023.json"
    },
    {
      "S_field": "datasets/S_field_null_024.npz",
      "meta": "datasets/meta_null_024.json"
    },
    {
      "S_field": "datasets/S_field_null_025.npz",
      "meta": "datasets/meta_null_025.json"
    },
    {
      "S_field": "datasets/S_field_null_026.npz",
      "meta": "datasets/meta_null_026.json"
    },
    {
      "S_field": "datasets/S_field_null_027.npz",
      "meta": "datasets/meta_null_027.json"
    },
    {
      "S_field": "datasets/S_field_null_028.npz",
      "meta": "datasets/meta_null_028.json"
    },
    {
      "S_field": "datasets/S_field_null_029.npz",
      "meta": "datasets/meta_null_029.json"
    },
    {
      "S_field": "datasets/S_field_null_030.npz",
      "meta": "datasets/meta_null_030.json"
    },
    {
      "S_field": "datasets/S_field_null_031.npz",
      "meta": "datasets/meta_null_031.json"
    },
    {
      "S_field": "datasets/S_field_null_032.npz",
      "meta": "datasets/meta_null_032.json"
    },
    {
      "S_field": "datasets/S_field_null_033.npz",
      "meta": "datasets/meta_null_033.json"
    },
    {
      "S_field": "datasets/S_field_null_034.npz",
      "meta": "datasets/meta_null_034.json"
    },
    {
      "S_field": "datasets/S_field_null_035.npz",
      "meta": "datasets/meta_null_035.json"
    },
    {
      "S_field": "datasets/S_field_null_036.npz",
      "meta": "datasets/meta_null_036.json"
    },
    {
      "S_field": "datasets/S_field_null_037.npz",
      "meta": "datasets/meta_null_037.json"
    },
    {
      "S_field": "datasets/S_field_null_038.npz",
      "meta": "datasets/meta_null_038.json"
    },
    {
      "S_field": "datasets/S_field_null_039.npz",
      "meta": "datasets/meta_null_039.json"
    },
    {
      "S_field": "datasets/S_field_null_040.npz",
      "meta": "datasets/meta_null_040.json"
    },
    {
      "S_field": "datasets/S_field_null_041.npz",
      "meta": "datasets/meta_null_041.json"
    },
    {
      "S_field": "datasets/S_field_null_042.npz",
      "meta": "datasets/meta_null_042.json"
    },
    {
      "S_field": "datasets/S_field_null_043.npz",
      "meta": "datasets/meta_null_043.json"
    },
    {
      "S_field": "datasets/S_field_null_044.npz",
      "meta": "datasets/meta_null_044.json"
    },
    {
      "S_field": "datasets/S_field_null_045.npz",
      "meta": "datasets/meta_null_045.json"
    },
    {
      "S_field": "datasets/S_field_null_046.npz",
      "meta": "datasets/meta_null_046.json"
    },
    {
      "S_field": "datasets/S_field_null_047.npz",
      "meta": "datasets/meta_null_047.json"
    },
    {
      "S_field": "datasets/S_field_null_048.npz",
      "meta": "datasets/meta_null_048.json"
    },
    {
      "S_field": "datasets/S_field_null_049.npz",
      "meta": "datasets/meta_null_049.json"
    },
    {
      "S_field": "datasets/S_field_null_050.npz",
      "meta": "datasets/meta_null_050.json"
    },
    {
      "S_field": "datasets/S_field_null_051.npz",
      "meta": "datasets/meta_null_051.json"
    },
    {
      "S_field": "datasets/S_field_null_052.npz",
      "meta": "datasets/meta_null_052.json"
    },
    {
      "S_field": "datasets/S_field_null_053.npz",
      "meta": "datasets/meta_null_053.json"
    },
    {
      "S_field": "datasets/S_field_null_054.npz",
      "meta": "datasets/meta_null_054.json"
    },
    {
      "S_field": "datasets/S_field_null_055.npz",
      "meta": "datasets/meta_null_055.json"
    },
    {
      "S_field": "datasets/S_field_null_056.npz",
      "meta": "datasets/meta_null_056.json"
    },
    {
      "S_field": "datasets/S_field_null_057.npz",
      "meta": "datasets/meta_null_057.json"
    },
    {
      "S_field": "datasets/S_field_null_058.npz",
      "meta": "datasets/meta_null_058.json"
    },
    {
      "S_field": "datasets/S_field_null_059.npz",
      "meta": "datasets/meta_null_059.json"
    },
    {
      "S_field": "datasets/S_field_null_060.npz",
      "meta": "datasets/meta_null_060.json"
    },
    {
      "S_field": "datasets/S_field_null_061.npz",
      "meta": "datasets/meta_null_061.json"
    },
    {
      "S_field": "datasets/S_field_null_062.npz",
      "meta": "datasets/meta_null_062.json"
    },
    {
      "S_field": "datasets/S_field_null_063.npz",
      "meta": "datasets/meta_null_063.json"
    },
    {
      "S_field": "datasets/S_field_null_064.npz",
      "meta": "datasets/meta_null_064.json"
    },
    {
      "S_field": "datasets/S_field_null_065.npz",
      "meta": "datasets/meta_null_065.json"
    },
    {
      "S_field": "datasets/S_field_null_066.npz",
      "meta": "datasets/meta_null_066.json"
    },
    {
      "S_field": "datasets/S_field_null_067.npz",
      "meta": "datasets/meta_null_067.json"
    },
    {
      "S_field": "datasets/S_field_null_068.npz",
      "meta": "datasets/meta_null_068.json"
    },
    {
      "S_field": "datasets/S_field_null_069.npz",
      "meta": "datasets/meta_null_069.json"
    },
    {
      "S_field": "datasets/S_field_null_070.npz",
      "meta": "datasets/meta_null_070.json"
    },
    {
      "S_field": "datasets/S_field_null_071.npz",
      "meta": "datasets/meta_null_071.json"
    },
    {
      "S_field": "datasets/S_field_null_072.npz",
      "meta": "datasets/meta_null_072.json"
    },
    {
      "S_field": "datasets/S_field_null_073.npz",
      "meta": "datasets/meta_null_073.json"
    },
    {
      "S_field": "datasets/S_field_null_074.npz",
      "meta": "datasets/meta_null_074.json"
    },
    {
      "S_field": "datasets/S_field_null_075.npz",
      "meta": "datasets/meta_null_075.json"
    },
    {
      "S_field": "datasets/S_field_null_076.npz",
      "meta": "datasets/meta_null_076.json"
    },
    {
      "S_field": "datasets/S_field_null_077.npz",
      "meta": "datasets/meta_null_077.json"
    },
    {
      "S_field": "datasets/S_field_null_078.npz",
      "meta": "datasets/meta_null_078.json"
    },
    {
      "S_field": "datasets/S_field_null_079.npz",
      "meta": "datasets/meta_null_079.json"
    },
    {
      "S_field": "datasets/S_field_null_080.npz",
      "meta": "datasets/meta_null_080.json"
    },
    {
      "S_field": "datasets/S_field_null_081.npz",
      "meta": "datasets/meta_null_081.json"
    },
    {
      "S_field": "datasets/S_field_null_082.npz",
      "meta": "datasets/meta_null_082.json"
    },
    {
      "S_field": "datasets/S_field_null_083.npz",
      "meta": "datasets/meta_null_083.json"
    },
    {
      "S_field": "datasets/S_field_null_084.npz",
      "meta": "datasets/meta_null_084.json"
    },
    {
      "S_field": "datasets/S_field_null_085.npz",
      "meta": "datasets/meta_null_085.json"
    },
    {
      "S_field": "datasets/S_field_null_086.npz",
      "meta": "datasets/meta_null_086.json"
    },
    {
      "S_field": "datasets/S_field_null_087.npz",
      "meta": "datasets/meta_null_087.json"
    },
    {
      "S_field": "datasets/S_field_null_088.npz",
      "meta": "datasets/meta_null_088.json"
    },
    {
      "S_field": "datasets/S_field_null_089.npz",
      "meta": "datasets/meta_null_089.json"
    },
    {
      "S_field": "datasets/S_field_null_090.npz",
      "meta": "datasets/meta_null_090.json"
    },
    {
      "S_field": "datasets/S_field_null_091.npz",
      "meta": "datasets/meta_null_091.json"
    },
    {
      "S_field": "datasets/S_field_null_092.npz",
      "meta": "datasets/meta_null_092.json"
    },
    {
      "S_field": "datasets/S_field_null_093.npz",
      "meta": "datasets/meta_null_093.json"
    },
    {
      "S_field": "datasets/S_field_null_094.npz",
      "meta": "datasets/meta_null_094.json"
    },
    {
      "S_field": "datasets/S_field_null_095.npz",
      "meta": "datasets/meta_null_095.json"
    },
    {
      "S_field": "datasets/S_field_null_096.npz",
      "meta": "datasets/meta_null_096.json"
    },
    {
      "S_field": "datasets/S_field_null_097.npz",
      "meta": "datasets/meta_null_097.json"
    },
    {
      "S_field": "datasets/S_field_null_098.npz",
      "meta": "datasets/meta_null_098.json"
    },
    {
      "S_field": "datasets/S_field_null_099.npz",
      "meta": "datasets/meta_null_099.json"
    },
    {
      "S_field": "datasets/S_field_null_100.npz",
      "meta": "datasets/meta_null_100.json"
    },
    {
      "S_field": "datasets/S_field_null_101.npz",
      "meta": "datasets/meta_null_101.json"
    },
    {
      "S_field": "datasets/S_field_null_102.npz",
      "meta": "datasets/meta_null_102.json"
    },
    {
      "S_field": "datasets/S_field_null_103.npz",
      "meta": "datasets/meta_null_103.json"
    },
    {
      "S_field": "datasets/S_field_null_104.npz",
      "meta": "datasets/meta_null_104.json"
    },
    {
      "S_field": "datasets/S_field_null_105.npz",
      "meta": "datasets/meta_null_105.json"
    },
    {
      "S_field": "datasets/S_field_null_106.npz",
      "meta": "datasets/meta_null_106.json"
    },
    {
      "S_field": "datasets/S_field_null_107.npz",
      "meta": "datasets/meta_null_107.json"
    },
    {
      "S_field": "datasets/S_field_null_108.npz",
      "meta": "datasets/meta_null_108.json"
    },
    {
      "S_field": "datasets/S_field_null_109.npz",
      "meta": "datasets/meta_null_109.json"
    },
    {
      "S_field": "datasets/S_field_null_110.npz",
      "meta": "datasets/meta_null_110.json"
    },
    {
      "S_field": "datasets/S_field_null_111.npz",
      "meta": "datasets/meta_null_111.json"
    },
    {
      "S_field": "datasets/S_field_null_112.npz",
      "meta": "datasets/meta_null_112.json"
    },
    {
      "S_field": "datasets/S_field_null_113.npz",
      "meta": "datasets/meta_null_113.json"
    },
    {
      "S_field": "datasets/S_field_null_114.npz",
      "meta": "datasets/meta_null_114.json"
    },
    {
      "S_field": "datasets/S_field_null_115.npz",
      "meta": "datasets/meta_null_115.json"
    },
    {
      "S_field": "datasets/S_field_null_116.npz",
      "meta": "datasets/meta_null_116.json"
    },
    {
      "S_field": "datasets/S_field_null_117.npz",
      "meta": "datasets/meta_null_117.json"
    },
    {
      "S_field": "datasets/S_field_null_118.npz",
      "meta": "datasets/meta_null_118.json"
    },
    {
      "S_field": "datasets/S_field_null_119.npz",
      "meta": "datasets/meta_null_119.json"
    },
    {
      "S_field": "datasets/S_field_adversarial_000.npz",
      "meta": "datasets/meta_adversarial_000.json"
    },
    {
      "S_field": "datasets/S_field_adversarial_001.npz",
      "meta": "datasets/meta_adversarial_001.json"
    },
    {
      "S_field": "datasets/S_field_adversarial_002.npz",
      "meta": "datasets/meta_adversarial_002.json"
    },
    {
      "S_field": "datasets/S_field_adversarial_003.npz",
      "meta": "datasets/meta_adversarial_003.json"
    },
    {
      "S_field": "datasets/S_field_adversarial_004.npz",
      "meta": "datasets/meta_adversarial_004.json"
    },
    {
      "S_field": "datasets/S_field_adversarial_005.npz",
      "meta": "datasets/meta_adversarial_005.json"
    },
    {
      "S_field": "datasets/S_field_adversarial_006.npz",
      "meta": "datasets/meta_adversarial_006.json"
    },
    {
      "S_field": "datasets/S_field_adversarial_007.npz",
      "meta": "datasets/meta_adversarial_007.json"
    },
    {
      "S_field": "datasets/S_field_adversarial_008.npz",
      "meta": "datasets/meta_adversarial_008.json"
    },
    {
      "S_field": "datasets/S_field_adversarial_009.npz",
      "meta": "datasets/meta_adversarial_009.json"
    },
    {
      "S_field": "datasets/S_field_adversarial_010.npz",
      "meta": "datasets/meta_adversarial_010.json"
    },
    {
      "S_field": "datasets/S_field_adversarial_011.npz",
      "meta": "datasets/meta_adversarial_011.json"
    },
    {
      "S_field": "datasets/S_field_adversarial_012.npz",
      "meta": "datasets/meta_adversarial_012.json"
    },
    {
      "S_field": "datasets/S_field_adversarial_013.npz",
      "meta": "datasets/meta_adversarial_013.json"
    },
    {
      "S_field": "datasets/S_field_adversarial_014.npz",
      "meta": "datasets/meta_adversarial_014.json"
    },
    {
      "S_field": "datasets/S_field_adversarial_015.npz",
      "meta": "datasets/meta_adversarial_015.json"
    },
    {
      "S_field": "datasets/S_field_adversarial_016.npz",
      "meta": "datasets/meta_adversarial_016.json"
    },
    {
      "S_field": "datasets/S_field_adversarial_017.npz",
      "meta": "datasets/meta_adversarial_017.json"
    },
    {
      "S_field": "datasets/S_field_adversarial_018.npz",
      "meta": "datasets/meta_adversarial_018.json"
    },
    {
      "S_field": "datasets/S_field_adversarial_019.npz",
      "meta": "datasets/meta_adversarial_019.json"
    },
    {
      "S_field": "datasets/S_field_adversarial_020.npz",
      "meta": "datasets/meta_adversarial_020.json"
    },
    {
      "S_field": "datasets/S_field_adversarial_021.npz",
      "meta": "datasets/meta_adversarial_021.json"
    },
    {
      "S_field": "datasets/S_field_adversarial_022.npz",
      "meta": "datasets/meta_adversarial_022.json"
    },
    {
      "S_field": "datasets/S_field_adversarial_023.npz",
      "meta": "datasets/meta_adversarial_023.json"
    },
    {
      "S_field": "datasets/S_field_adversarial_024.npz",
      "meta": "datasets/meta_adversarial_024.json"
    },
    {
      "S_field": "datasets/S_field_adversarial_025.npz",
      "meta": "datasets/meta_adversarial_025.json"
    },
    {
      "S_field": "datasets/S_field_adversarial_026.npz",
      "meta": "datasets/meta_adversarial_026.json"
    },
    {
      "S_field": "datasets/S_field_adversarial_027.npz",
      "meta": "datasets/meta_adversarial_027.json"
    },
    {
      "S_field": "datasets/S_field_adversarial_028.npz",
      "meta": "datasets/meta_adversarial_028.json"
    },
    {
      "S_field": "datasets/S_field_adversarial_029.npz",
      "meta": "datasets/meta_adversarial_029.json"
    },
    {
      "S_field": "datasets/S_field_adversarial_030.npz",
      "meta": "datasets/meta_adversarial_030.json"
    },
    {
      "S_field": "datasets/S_field_adversarial_031.npz",
      "meta": "datasets/meta_adversarial_031.json"
    },
    {
      "S_field": "datasets/S_field_adversarial_032.npz",
      "meta": "datasets/meta_adversarial_032.json"
    },
    {
      "S_field": "datasets/S_field_adversarial_033.npz",
      "meta": "datasets/meta_adversarial_033.json"
    },
    {
      "S_field": "datasets/S_field_adversarial_034.npz",
      "meta": "datasets/meta_adversarial_034.json"
    },
    {
      "S_field": "datasets/S_field_adversarial_035.npz",
      "meta": "datasets/meta_adversarial_035.json"
    },
    {
      "S_field": "datasets/S_field_adversarial_036.npz",
      "meta": "datasets/meta_adversarial_036.json"
    },
    {
      "S_field": "datasets/S_field_adversarial_037.npz",
      "meta": "datasets/meta_adversarial_037.json"
    },
    {
      "S_field": "datasets/S_field_adversarial_038.npz",
      "meta": "datasets/meta_adversarial_038.json"
    },
    {
      "S_field": "datasets/S_field_adversarial_039.npz",
      "meta": "datasets/meta_adversarial_039.json"
    },
    {
      "S_field": "datasets/S_field_adversarial_040.npz",
      "meta": "datasets/meta_adversarial_040.json"
    },
    {
      "S_field": "datasets/S_field_adversarial_041.npz",
      "meta": "datasets/meta_adversarial_041.json"
    },
    {
      "S_field": "datasets/S_field_adversarial_042.npz",
      "meta": "datasets/meta_adversarial_042.json"
    },
    {
      "S_field": "datasets/S_field_adversarial_043.npz",
      "meta": "datasets/meta_adversarial_043.json"
    },
    {
      "S_field": "datasets/S_field_adversarial_044.npz",
      "meta": "datasets/meta_adversarial_044.json"
    },
    {
      "S_field": "datasets/S_field_adversarial_045.npz",
      "meta": "datasets/meta_adversarial_045.json"
    },
    {
      "S_field": "datasets/S_field_adversarial_046.npz",
      "meta": "datasets/meta_adversarial_046.json"
    },
    {
      "S_field": "datasets/S_field_adversarial_047.npz",
      "meta": "datasets/meta_adversarial_047.json"
    },
    {
      "S_field": "datasets/S_field_adversarial_048.npz",
      "meta": "datasets/meta_adversarial_048.json"
    },
    {
      "S_field": "datasets/S_field_adversarial_049.npz",
      "meta": "datasets/meta_adversarial_049.json"
    },
    {
      "S_field": "datasets/S_field_adversarial_050.npz",
      "meta": "datasets/meta_adversarial_050.json"
    },
    {
      "S_field": "datasets/S_field_adversarial_051.npz",
      "meta": "datasets/meta_adversarial_051.json"
    },
    {
      "S_field": "datasets/S_field_adversarial_052.npz",
      "meta": "datasets/meta_adversarial_052.json"
    },
    {
      "S_field": "datasets/S_field_adversarial_053.npz",
      "meta": "datasets/meta_adversarial_053.json"
    },
    {
      "S_field": "datasets/S_field_adversarial_054.npz",
      "meta": "datasets/meta_adversarial_054.json"
    },
    {
      "S_field": "datasets/S_field_adversarial_055.npz",
      "meta": "datasets/meta_adversarial_055.json"
    },
    {
      "S_field": "datasets/S_field_adversarial_056.npz",
      "meta": "datasets/meta_adversarial_056.json"
    },
    {
      "S_field": "datasets/S_field_adversarial_057.npz",
      "meta": "datasets/meta_adversarial_057.json"
    },
    {
      "S_field": "datasets/S_field_adversarial_058.npz",
      "meta": "datasets/meta_adversarial_058.json"
    },
    {
      "S_field": "datasets/S_field_adversarial_059.npz",
      "meta": "datasets/meta_adversarial_059.json"
    },
    {
      "S_field": "datasets/S_field_adversarial_060.npz",
      "meta": "datasets/meta_adversarial_060.json"
    },
    {
      "S_field": "datasets/S_field_adversarial_061.npz",
      "meta": "datasets/meta_adversarial_061.json"
    },
    {
      "S_field": "datasets/S_field_adversarial_062.npz",
      "meta": "datasets/meta_adversarial_062.json"
    },
    {
      "S_field": "datasets/S_field_adversarial_063.npz",
      "meta": "datasets/meta_adversarial_063.json"
    },
    {
      "S_field": "datasets/S_field_adversarial_064.npz",
      "meta": "datasets/meta_adversarial_064.json"
    },
    {
      "S_field": "datasets/S_field_adversarial_065.npz",
      "meta": "datasets/meta_adversarial_065.json"
    },
    {
      "S_field": "datasets/S_field_adversarial_066.npz",
      "meta": "datasets/meta_adversarial_066.json"
    },
    {
      "S_field": "datasets/S_field_adversarial_067.npz",
      "meta": "datasets/meta_adversarial_067.json"
    },
    {
      "S_field": "datasets/S_field_adversarial_068.npz",
      "meta": "datasets/meta_adversarial_068.json"
    },
    {
      "S_field": "datasets/S_field_adversarial_069.npz",
      "meta": "datasets/meta_adversarial_069.json"
    },
    {
      "S_field": "datasets/S_field_adversarial_070.npz",
      "meta": "datasets/meta_adversarial_070.json"
    },
    {
      "S_field": "datasets/S_field_adversarial_071.npz",
      "meta": "datasets/meta_adversarial_071.json"
    },
    {
      "S_field": "datasets/S_field_adversarial_072.npz",
      "meta": "datasets/meta_adversarial_072.json"
    },
    {
      "S_field": "datasets/S_field_adversarial_073.npz",
      "meta": "datasets/meta_adversarial_073.json"
    },
    {
      "S_field": "datasets/S_field_adversarial_074.npz",
      "meta": "datasets/meta_adversarial_074.json"
    },
    {
      "S_field": "datasets/S_field_adversarial_075.npz",
      "meta": "datasets/meta_adversarial_075.json"
    },
    {
      "S_field": "datasets/S_field_adversarial_076.npz",
      "meta": "datasets/meta_adversarial_076.json"
    },
    {
      "S_field": "datasets/S_field_adversarial_077.npz",
      "meta": "datasets/meta_adversarial_077.json"
    },
    {
      "S_field": "datasets/S_field_adversarial_078.npz",
      "meta": "datasets/meta_adversarial_078.json"
    },
    {
      "S_field": "datasets/S_field_adversarial_079.npz",
      "meta": "datasets/meta_adversarial_079.json"
    },
    {
      "S_field": "datasets/S_field_T5_N64_periodic_noise000000_k0.npz",
      "meta": "datasets/meta_T5_N64_periodic_noise000000_k0.json"
    },
    {
      "S_field": "datasets/S_field_T5_N64_periodic_noise000000_k1.npz",
      "meta": "datasets/meta_T5_N64_periodic_noise000000_k1.json"
    },
    {
      "S_field": "datasets/S_field_T5_N64_periodic_noise000000_k2.npz",
      "meta": "datasets/meta_T5_N64_periodic_noise000000_k2.json"
    },
    {
      "S_field": "datasets/S_field_T5_N64_periodic_noise000000_k3.npz",
      "meta": "datasets/meta_T5_N64_periodic_noise000000_k3.json"
    },
    {
      "S_field": "datasets/S_field_T5_N64_periodic_noise000000_k4.npz",
      "meta": "datasets/meta_T5_N64_periodic_noise000000_k4.json"
    },
    {
      "S_field": "datasets/S_field_T5_N64_periodic_noise000010_k0.npz",
      "meta": "datasets/meta_T5_N64_periodic_noise000010_k0.json"
    },
    {
      "S_field": "datasets/S_field_T5_N64_periodic_noise000010_k1.npz",
      "meta": "datasets/meta_T5_N64_periodic_noise000010_k1.json"
    },
    {
      "S_field": "datasets/S_field_T5_N64_periodic_noise000010_k2.npz",
      "meta": "datasets/meta_T5_N64_periodic_noise000010_k2.json"
    },
    {
      "S_field": "datasets/S_field_T5_N64_periodic_noise000010_k3.npz",
      "meta": "datasets/meta_T5_N64_periodic_noise000010_k3.json"
    },
    {
      "S_field": "datasets/S_field_T5_N64_periodic_noise000010_k4.npz",
      "meta": "datasets/meta_T5_N64_periodic_noise000010_k4.json"
    },
    {
      "S_field": "datasets/S_field_T5_N64_periodic_noise000050_k0.npz",
      "meta": "datasets/meta_T5_N64_periodic_noise000050_k0.json"
    },
    {
      "S_field": "datasets/S_field_T5_N64_periodic_noise000050_k1.npz",
      "meta": "datasets/meta_T5_N64_periodic_noise000050_k1.json"
    },
    {
      "S_field": "datasets/S_field_T5_N64_periodic_noise000050_k2.npz",
      "meta": "datasets/meta_T5_N64_periodic_noise000050_k2.json"
    },
    {
      "S_field": "datasets/S_field_T5_N64_periodic_noise000050_k3.npz",
      "meta": "datasets/meta_T5_N64_periodic_noise000050_k3.json"
    },
    {
      "S_field": "datasets/S_field_T5_N64_periodic_noise000050_k4.npz",
      "meta": "datasets/meta_T5_N64_periodic_noise000050_k4.json"
    },
    {
      "S_field": "datasets/S_field_T5_N64_absorbing_noise000000_k0.npz",
      "meta": "datasets/meta_T5_N64_absorbing_noise000000_k0.json"
    },
    {
      "S_field": "datasets/S_field_T5_N64_absorbing_noise000000_k1.npz",
      "meta": "datasets/meta_T5_N64_absorbing_noise000000_k1.json"
    },
    {
      "S_field": "datasets/S_field_T5_N64_absorbing_noise000000_k2.npz",
      "meta": "datasets/meta_T5_N64_absorbing_noise000000_k2.json"
    },
    {
      "S_field": "datasets/S_field_T5_N64_absorbing_noise000000_k3.npz",
      "meta": "datasets/meta_T5_N64_absorbing_noise000000_k3.json"
    },
    {
      "S_field": "datasets/S_field_T5_N64_absorbing_noise000000_k4.npz",
      "meta": "datasets/meta_T5_N64_absorbing_noise000000_k4.json"
    },
    {
      "S_field": "datasets/S_field_T5_N64_absorbing_noise000010_k0.npz",
      "meta": "datasets/meta_T5_N64_absorbing_noise000010_k0.json"
    },
    {
      "S_field": "datasets/S_field_T5_N64_absorbing_noise000010_k1.npz",
      "meta": "datasets/meta_T5_N64_absorbing_noise000010_k1.json"
    },
    {
      "S_field": "datasets/S_field_T5_N64_absorbing_noise000010_k2.npz",
      "meta": "datasets/meta_T5_N64_absorbing_noise000010_k2.json"
    },
    {
      "S_field": "datasets/S_field_T5_N64_absorbing_noise000010_k3.npz",
      "meta": "datasets/meta_T5_N64_absorbing_noise000010_k3.json"
    },
    {
      "S_field": "datasets/S_field_T5_N64_absorbing_noise000010_k4.npz",
      "meta": "datasets/meta_T5_N64_absorbing_noise000010_k4.json"
    },
    {
      "S_field": "datasets/S_field_T5_N64_absorbing_noise000050_k0.npz",
      "meta": "datasets/meta_T5_N64_absorbing_noise000050_k0.json"
    },
    {
      "S_field": "datasets/S_field_T5_N64_absorbing_noise000050_k1.npz",
      "meta": "datasets/meta_T5_N64_absorbing_noise000050_k1.json"
    },
    {
      "S_field": "datasets/S_field_T5_N64_absorbing_noise000050_k2.npz",
      "meta": "datasets/meta_T5_N64_absorbing_noise000050_k2.json"
    },
    {
      "S_field": "datasets/S_field_T5_N64_absorbing_noise000050_k3.npz",
      "meta": "datasets/meta_T5_N64_absorbing_noise000050_k3.json"
    },
    {
      "S_field": "datasets/S_field_T5_N64_absorbing_noise000050_k4.npz",
      "meta": "datasets/meta_T5_N64_absorbing_noise000050_k4.json"
    },
    {
      "S_field": "datasets/S_field_T5_N96_periodic_noise000000_k0.npz",
      "meta": "datasets/meta_T5_N96_periodic_noise000000_k0.json"
    },
    {
      "S_field": "datasets/S_field_T5_N96_periodic_noise000000_k1.npz",
      "meta": "datasets/meta_T5_N96_periodic_noise000000_k1.json"
    },
    {
      "S_field": "datasets/S_field_T5_N96_periodic_noise000000_k2.npz",
      "meta": "datasets/meta_T5_N96_periodic_noise000000_k2.json"
    },
    {
      "S_field": "datasets/S_field_T5_N96_periodic_noise000000_k3.npz",
      "meta": "datasets/meta_T5_N96_periodic_noise000000_k3.json"
    },
    {
      "S_field": "datasets/S_field_T5_N96_periodic_noise000000_k4.npz",
      "meta": "datasets/meta_T5_N96_periodic_noise000000_k4.json"
    },
    {
      "S_field": "datasets/S_field_T5_N96_periodic_noise000010_k0.npz",
      "meta": "datasets/meta_T5_N96_periodic_noise000010_k0.json"
    },
    {
      "S_field": "datasets/S_field_T5_N96_periodic_noise000010_k1.npz",
      "meta": "datasets/meta_T5_N96_periodic_noise000010_k1.json"
    },
    {
      "S_field": "datasets/S_field_T5_N96_periodic_noise000010_k2.npz",
      "meta": "datasets/meta_T5_N96_periodic_noise000010_k2.json"
    },
    {
      "S_field": "datasets/S_field_T5_N96_periodic_noise000010_k3.npz",
      "meta": "datasets/meta_T5_N96_periodic_noise000010_k3.json"
    },
    {
      "S_field": "datasets/S_field_T5_N96_periodic_noise000010_k4.npz",
      "meta": "datasets/meta_T5_N96_periodic_noise000010_k4.json"
    },
    {
      "S_field": "datasets/S_field_T5_N96_periodic_noise000050_k0.npz",
      "meta": "datasets/meta_T5_N96_periodic_noise000050_k0.json"
    },
    {
      "S_field": "datasets/S_field_T5_N96_periodic_noise000050_k1.npz",
      "meta": "datasets/meta_T5_N96_periodic_noise000050_k1.json"
    },
    {
      "S_field": "datasets/S_field_T5_N96_periodic_noise000050_k2.npz",
      "meta": "datasets/meta_T5_N96_periodic_noise000050_k2.json"
    },
    {
      "S_field": "datasets/S_field_T5_N96_periodic_noise000050_k3.npz",
      "meta": "datasets/meta_T5_N96_periodic_noise000050_k3.json"
    },
    {
      "S_field": "datasets/S_field_T5_N96_periodic_noise000050_k4.npz",
      "meta": "datasets/meta_T5_N96_periodic_noise000050_k4.json"
    },
    {
      "S_field": "datasets/S_field_T5_N96_absorbing_noise000000_k0.npz",
      "meta": "datasets/meta_T5_N96_absorbing_noise000000_k0.json"
    },
    {
      "S_field": "datasets/S_field_T5_N96_absorbing_noise000000_k1.npz",
      "meta": "datasets/meta_T5_N96_absorbing_noise000000_k1.json"
    },
    {
      "S_field": "datasets/S_field_T5_N96_absorbing_noise000000_k2.npz",
      "meta": "datasets/meta_T5_N96_absorbing_noise000000_k2.json"
    },
    {
      "S_field": "datasets/S_field_T5_N96_absorbing_noise000000_k3.npz",
      "meta": "datasets/meta_T5_N96_absorbing_noise000000_k3.json"
    },
    {
      "S_field": "datasets/S_field_T5_N96_absorbing_noise000000_k4.npz",
      "meta": "datasets/meta_T5_N96_absorbing_noise000000_k4.json"
    },
    {
      "S_field": "datasets/S_field_T5_N96_absorbing_noise000010_k0.npz",
      "meta": "datasets/meta_T5_N96_absorbing_noise000010_k0.json"
    },
    {
      "S_field": "datasets/S_field_T5_N96_absorbing_noise000010_k1.npz",
      "meta": "datasets/meta_T5_N96_absorbing_noise000010_k1.json"
    },
    {
      "S_field": "datasets/S_field_T5_N96_absorbing_noise000010_k2.npz",
      "meta": "datasets/meta_T5_N96_absorbing_noise000010_k2.json"
    },
    {
      "S_field": "datasets/S_field_T5_N96_absorbing_noise000010_k3.npz",
      "meta": "datasets/meta_T5_N96_absorbing_noise000010_k3.json"
    },
    {
      "S_field": "datasets/S_field_T5_N96_absorbing_noise000010_k4.npz",
      "meta": "datasets/meta_T5_N96_absorbing_noise000010_k4.json"
    },
    {
      "S_field": "datasets/S_field_T5_N96_absorbing_noise000050_k0.npz",
      "meta": "datasets/meta_T5_N96_absorbing_noise000050_k0.json"
    },
    {
      "S_field": "datasets/S_field_T5_N96_absorbing_noise000050_k1.npz",
      "meta": "datasets/meta_T5_N96_absorbing_noise000050_k1.json"
    },
    {
      "S_field": "datasets/S_field_T5_N96_absorbing_noise000050_k2.npz",
      "meta": "datasets/meta_T5_N96_absorbing_noise000050_k2.json"
    },
    {
      "S_field": "datasets/S_field_T5_N96_absorbing_noise000050_k3.npz",
      "meta": "datasets/meta_T5_N96_absorbing_noise000050_k3.json"
    },
    {
      "S_field": "datasets/S_field_T5_N96_absorbing_noise000050_k4.npz",
      "meta": "datasets/meta_T5_N96_absorbing_noise000050_k4.json"
    },
    {
      "S_field": "datasets/S_field_T5_N128_periodic_noise000000_k0.npz",
      "meta": "datasets/meta_T5_N128_periodic_noise000000_k0.json"
    },
    {
      "S_field": "datasets/S_field_T5_N128_periodic_noise000000_k1.npz",
      "meta": "datasets/meta_T5_N128_periodic_noise000000_k1.json"
    },
    {
      "S_field": "datasets/S_field_T5_N128_periodic_noise000000_k2.npz",
      "meta": "datasets/meta_T5_N128_periodic_noise000000_k2.json"
    },
    {
      "S_field": "datasets/S_field_T5_N128_periodic_noise000000_k3.npz",
      "meta": "datasets/meta_T5_N128_periodic_noise000000_k3.json"
    },
    {
      "S_field": "datasets/S_field_T5_N128_periodic_noise000000_k4.npz",
      "meta": "datasets/meta_T5_N128_periodic_noise000000_k4.json"
    },
    {
      "S_field": "datasets/S_field_T5_N128_periodic_noise000010_k0.npz",
      "meta": "datasets/meta_T5_N128_periodic_noise000010_k0.json"
    },
    {
      "S_field": "datasets/S_field_T5_N128_periodic_noise000010_k1.npz",
      "meta": "datasets/meta_T5_N128_periodic_noise000010_k1.json"
    },
    {
      "S_field": "datasets/S_field_T5_N128_periodic_noise000010_k2.npz",
      "meta": "datasets/meta_T5_N128_periodic_noise000010_k2.json"
    },
    {
      "S_field": "datasets/S_field_T5_N128_periodic_noise000010_k3.npz",
      "meta": "datasets/meta_T5_N128_periodic_noise000010_k3.json"
    },
    {
      "S_field": "datasets/S_field_T5_N128_periodic_noise000010_k4.npz",
      "meta": "datasets/meta_T5_N128_periodic_noise000010_k4.json"
    },
    {
      "S_field": "datasets/S_field_T5_N128_periodic_noise000050_k0.npz",
      "meta": "datasets/meta_T5_N128_periodic_noise000050_k0.json"
    },
    {
      "S_field": "datasets/S_field_T5_N128_periodic_noise000050_k1.npz",
      "meta": "datasets/meta_T5_N128_periodic_noise000050_k1.json"
    },
    {
      "S_field": "datasets/S_field_T5_N128_periodic_noise000050_k2.npz",
      "meta": "datasets/meta_T5_N128_periodic_noise000050_k2.json"
    },
    {
      "S_field": "datasets/S_field_T5_N128_periodic_noise000050_k3.npz",
      "meta": "datasets/meta_T5_N128_periodic_noise000050_k3.json"
    },
    {
      "S_field": "datasets/S_field_T5_N128_periodic_noise000050_k4.npz",
      "meta": "datasets/meta_T5_N128_periodic_noise000050_k4.json"
    },
    {
      "S_field": "datasets/S_field_T5_N128_absorbing_noise000000_k0.npz",
      "meta": "datasets/meta_T5_N128_absorbing_noise000000_k0.json"
    },
    {
      "S_field": "datasets/S_field_T5_N128_absorbing_noise000000_k1.npz",
      "meta": "datasets/meta_T5_N128_absorbing_noise000000_k1.json"
    },
    {
      "S_field": "datasets/S_field_T5_N128_absorbing_noise000000_k2.npz",
      "meta": "datasets/meta_T5_N128_absorbing_noise000000_k2.json"
    },
    {
      "S_field": "datasets/S_field_T5_N128_absorbing_noise000000_k3.npz",
      "meta": "datasets/meta_T5_N128_absorbing_noise000000_k3.json"
    },
    {
      "S_field": "datasets/S_field_T5_N128_absorbing_noise000000_k4.npz",
      "meta": "datasets/meta_T5_N128_absorbing_noise000000_k4.json"
    },
    {
      "S_field": "datasets/S_field_T5_N128_absorbing_noise000010_k0.npz",
      "meta": "datasets/meta_T5_N128_absorbing_noise000010_k0.json"
    },
    {
      "S_field": "datasets/S_field_T5_N128_absorbing_noise000010_k1.npz",
      "meta": "datasets/meta_T5_N128_absorbing_noise000010_k1.json"
    },
    {
      "S_field": "datasets/S_field_T5_N128_absorbing_noise000010_k2.npz",
      "meta": "datasets/meta_T5_N128_absorbing_noise000010_k2.json"
    },
    {
      "S_field": "datasets/S_field_T5_N128_absorbing_noise000010_k3.npz",
      "meta": "datasets/meta_T5_N128_absorbing_noise000010_k3.json"
    },
    {
      "S_field": "datasets/S_field_T5_N128_absorbing_noise000010_k4.npz",
      "meta": "datasets/meta_T5_N128_absorbing_noise000010_k4.json"
    },
    {
      "S_field": "datasets/S_field_T5_N128_absorbing_noise000050_k0.npz",
      "meta": "datasets/meta_T5_N128_absorbing_noise000050_k0.json"
    },
    {
      "S_field": "datasets/S_field_T5_N128_absorbing_noise000050_k1.npz",
      "meta": "datasets/meta_T5_N128_absorbing_noise000050_k1.json"
    },
    {
      "S_field": "datasets/S_field_T5_N128_absorbing_noise000050_k2.npz",
      "meta": "datasets/meta_T5_N128_absorbing_noise000050_k2.json"
    },
    {
      "S_field": "datasets/S_field_T5_N128_absorbing_noise000050_k3.npz",
      "meta": "datasets/meta_T5_N128_absorbing_noise000050_k3.json"
    },
    {
      "S_field": "datasets/S_field_T5_N128_absorbing_noise000050_k4.npz",
      "meta": "datasets/meta_T5_N128_absorbing_noise000050_k4.json"
    }
  ]
}