{
  "schema_version": "1.0.0",
  "description": "Doc15-strict synthetic CI inputs: on-disk S_field_*.npz + meta.json per sample.",
  "generator": "toy_structured_field_generator_v3",
  "n_structured": 40,
  "n_families": 5,
  "sweep_points": 10,
  "null_cases": 100,
  "adversarial_cases": 50,
  "perturbations": [
    "N64",
    "N96",
    "N128",
    "BC_periodic",
    "BC_absorbing",
    "noise_0",
    "noise_1e-5",
    "noise_5e-5"
  ],
  "inputs_contract": {
    "S_field_pattern": "data/datasets/S_field_*.npz",
    "meta_pattern": "data/datasets/meta_*.json"
  }
}