{
  "maintenance_cost": {
    "bc_anchor_star": 0.1,
    "deltaM_norm": 0.3741657386773942,
    "kappa_star": 1.2000000000000002,
    "r_screen_star": 13.0
  },
  "provenance": {
    "normalization_note": "Report already schema-compliant; copied verbatim for normalized slot.",
    "region_sha256": "98a293d81be75ace24f4ff4edf607611d981833e53977b6a3178045a74ebc035"
  },
  "reference_medium": {
    "bc_ref": 0.0,
    "kappa_ref": 1.0,
    "r_screen_ref": 10.0
  },
  "robustness": {
    "margins": {
      "R2": 0.008155530537886868,
      "compat": 0.007881943081732882,
      "split": 0.0017684725148358615
    },
    "tau_mean": 10890.297306722781
  },
  "schema_version": "1.0.0",
  "sha256": {
    "input_csv": null
  },
  "system": "atomX",
  "thresholds": {
    "compat_thr": 0.02,
    "r2_thr": 0.98,
    "split_thr": 0.19
  },
  "verdict": "maintained"
}