{
  "schema_version": "1.0.0",
  "system": "atomX",
  "verdict": "maintained",
  "maintenance_cost": {
    "deltaM_norm": 0.3741657386773942,
    "kappa_star": 1.2000000000000002,
    "r_screen_star": 13.0,
    "bc_anchor_star": 0.1
  },
  "robustness": {
    "tau_mean": 10890.297306722781,
    "margins": {
      "split": 0.0017684725148358615,
      "compat": 0.007881943081732882,
      "R2": 0.008155530537886868
    }
  },
  "thresholds": {
    "split_thr": 0.19,
    "compat_thr": 0.02,
    "r2_thr": 0.98
  },
  "reference_medium": {
    "kappa_ref": 1.0,
    "r_screen_ref": 10.0,
    "bc_ref": 0.0
  },
  "sha256": {
    "input_csv": null
  }
}