{
  "sign_flip": {
    "pass": true,
    "distance_to_pi_rad": 6.420260323380944e-08,
    "num_steps": 400
  },
  "rotor_spectrum": {
    "pass": true,
    "R2": 0.9983163969781834,
    "I_hat": 3.2230395339573708,
    "intercept": 6.302075867572488e-05
  },
  "robustness_S4_2x2": {
    "pass": false,
    "rows": 1,
    "unique_grids": 1,
    "unique_seeds": 1,
    "all_rows_pass_01pi": true,
    "source": "FR_2pi_consolidated_now.csv",
    "note": "Requires \u22652 grids and \u22652 seeds with |\u03c0\u2212phase| \u2264 0.1\u03c0. Current package has fewer."
  }
}