{
  "$schema": "https://json-schema.org/draft/2020-12/schema",
  "$id": "https://example.org/sft/energy_report.schema.json",
  "title": "SFT ENERGY_REPORT",
  "type": "object",
  "properties": {
    "schema_version": {
      "type": "string",
      "pattern": "^[0-9]+\\.[0-9]+\\.[0-9]+$"
    },
    "integrator": {
      "type": "object",
      "properties": {
        "name": {
          "type": "string"
        },
        "cfl": {
          "type": "number",
          "minimum": 0.0
        }
      },
      "required": [
        "name",
        "cfl"
      ]
    },
    "grid": {
      "type": "object",
      "properties": {
        "shape": {
          "type": "array",
          "items": {
            "type": "integer",
            "minimum": 1
          },
          "minItems": 3,
          "maxItems": 3
        },
        "dx": {
          "type": "number"
        },
        "dt": {
          "type": "number"
        },
        "amr": {
          "type": "boolean"
        },
        "bc": {
          "type": "string"
        }
      },
      "required": [
        "shape",
        "dx",
        "dt",
        "amr",
        "bc"
      ]
    },
    "units": {
      "type": "object"
    },
    "components": {
      "type": "object",
      "properties": {
        "t0": {
          "$ref": "#/$defs/energy_components"
        },
        "tN": {
          "$ref": "#/$defs/energy_components"
        }
      },
      "required": [
        "t0",
        "tN"
      ]
    },
    "collapse_ledger": {
      "type": "object",
      "properties": {
        "enabled": {
          "type": "boolean"
        },
        "events": {
          "type": "integer",
          "minimum": 0
        },
        "energy_removed": {
          "type": "number",
          "minimum": 0.0
        }
      }
    },
    "conservation": {
      "type": "object",
      "properties": {
        "delta_E": {
          "type": "number"
        },
        "delta_E_rel": {
          "type": "number"
        },
        "tolerance_rel": {
          "type": "number"
        },
        "pass": {
          "type": "boolean"
        }
      },
      "required": [
        "delta_E",
        "delta_E_rel",
        "tolerance_rel",
        "pass"
      ]
    },
    "continuity_residual": {
      "type": "object",
      "properties": {
        "L2": {
          "type": "number"
        },
        "Linf": {
          "type": "number"
        }
      }
    },
    "discretization": {
      "type": "object"
    },
    "provenance": {
      "type": "object",
      "properties": {
        "seed": {
          "type": "integer"
        },
        "commit": {
          "type": "string"
        },
        "calibration_hash": {
          "type": "string"
        },
        "artifacts_sha256": {
          "type": "object"
        }
      },
      "required": [
        "seed",
        "commit",
        "calibration_hash"
      ]
    },
    "timestamp": {
      "type": "string",
      "format": "date-time"
    }
  },
  "required": [
    "schema_version",
    "integrator",
    "grid",
    "units",
    "components",
    "conservation",
    "discretization",
    "provenance",
    "timestamp"
  ],
  "$defs": {
    "energy_components": {
      "type": "object",
      "properties": {
        "kin": {
          "type": "number"
        },
        "grad": {
          "type": "number"
        },
        "pot": {
          "type": "number"
        },
        "em": {
          "type": "number"
        },
        "total": {
          "type": "number"
        }
      },
      "required": [
        "kin",
        "grad",
        "pot",
        "em",
        "total"
      ]
    }
  }
}