{
  "$schema": "https://json-schema.org/draft/2020-12/schema",
  "$id": "https://example.org/sft/dispersion_linear.schema.json",
  "title": "SFT DISPERSION_LINEAR",
  "type": "object",
  "properties": {
    "schema_version": {
      "type": "string",
      "pattern": "^[0-9]+\\.[0-9]+\\.[0-9]+$"
    },
    "units": {
      "type": "object",
      "properties": {
        "frequency": {
          "type": "string"
        },
        "wavenumber": {
          "type": "string"
        }
      },
      "required": [
        "frequency",
        "wavenumber"
      ]
    },
    "estimate": {
      "type": "object",
      "properties": {
        "c": {
          "type": "number"
        },
        "ci95": {
          "type": "array",
          "items": {
            "type": "number"
          },
          "minItems": 2,
          "maxItems": 2
        },
        "window": {
          "type": "string"
        },
        "model": {
          "type": "string"
        },
        "r2": {
          "type": "number",
          "minimum": 0,
          "maximum": 1
        }
      },
      "required": [
        "c",
        "ci95"
      ]
    },
    "method": {
      "type": "string"
    },
    "seed": {
      "type": "integer"
    },
    "provenance": {
      "type": "object",
      "properties": {
        "commit": {
          "type": "string"
        },
        "manifest": {
          "type": "string"
        },
        "artifacts_sha256": {
          "type": "object"
        }
      },
      "required": [
        "commit"
      ]
    },
    "timestamp": {
      "type": "string",
      "format": "date-time"
    }
  },
  "required": [
    "schema_version",
    "units",
    "estimate",
    "method",
    "provenance",
    "timestamp"
  ]
}