{
  "$schema": "https://json-schema.org/draft/2020-12/schema",
  "$id": "https://example.org/sft/hbar_from_rotor.schema.json",
  "title": "SFT HBAR_FROM_ROTOR",
  "type": "object",
  "properties": {
    "schema_version": {
      "type": "string",
      "pattern": "^[0-9]+\\.[0-9]+\\.[0-9]+$"
    },
    "units": {
      "type": "object",
      "properties": {
        "energy": {
          "type": "string"
        },
        "frequency": {
          "type": "string"
        },
        "inertia": {
          "type": "string"
        }
      },
      "required": [
        "energy",
        "frequency",
        "inertia"
      ]
    },
    "inputs": {
      "type": "object",
      "properties": {
        "I": {
          "type": "number"
        },
        "I_ci95": {
          "type": "array",
          "items": {
            "type": "number"
          },
          "minItems": 2,
          "maxItems": 2
        },
        "levels": {
          "type": "string"
        }
      },
      "required": [
        "I"
      ]
    },
    "estimate": {
      "type": "object",
      "properties": {
        "hbar_star": {
          "type": "number"
        },
        "ci95": {
          "type": "array",
          "items": {
            "type": "number"
          },
          "minItems": 2,
          "maxItems": 2
        },
        "r2": {
          "type": "number",
          "minimum": 0,
          "maximum": 1
        }
      },
      "required": [
        "hbar_star",
        "ci95"
      ]
    },
    "method": {
      "type": "string"
    },
    "seed": {
      "type": "integer"
    },
    "provenance": {
      "type": "object",
      "properties": {
        "commit": {
          "type": "string"
        },
        "manifest": {
          "type": "string"
        },
        "artifacts_sha256": {
          "type": "object"
        }
      },
      "required": [
        "commit"
      ]
    },
    "timestamp": {
      "type": "string",
      "format": "date-time"
    }
  },
  "required": [
    "schema_version",
    "units",
    "inputs",
    "estimate",
    "method",
    "provenance",
    "timestamp"
  ]
}