{
  "schema_version": "1.0.0",
  "description": "\u0127* provided directly or computed from I and a",
  "anyOf": [
    {
      "required": [
        "schema_version",
        "hbar_star"
      ]
    },
    {
      "required": [
        "schema_version",
        "I",
        "a"
      ]
    }
  ],
  "properties": {
    "schema_version": {
      "type": "string"
    },
    "hbar_star": {
      "type": [
        "number",
        "object"
      ]
    },
    "I": {
      "type": [
        "number",
        "object"
      ]
    },
    "a": {
      "type": [
        "number",
        "object"
      ]
    }
  }
}