{
  "schema_version": "1.0.0",
  "route": "B",
  "conventions": {
    "metric_signature": "- + + +",
    "S_equals_neg_U": true,
    "units": {
      "angle": "arcsec",
      "time": "century"
    }
  },
  "observables_fit": {
    "method": "WLS+bootstrap",
    "n": 720,
    "weights": "1/σ²",
    "r2": 0.9994,
    "coeffs": {
      "a1": 1.0,
      "c1": 1.00002,
      "a2": -5e-05
    },
    "ci95": {
      "a1": [
        0.99984,
        1.00016
      ],
      "c1": [
        0.99985,
        1.00019
      ],
      "a2": [
        -0.00015,
        5e-05
      ]
    },
    "bootstrap": {
      "n": 2000,
      "seed": 777
    }
  },
  "derived": {
    "gamma": {
      "val": 1.00002,
      "ci95": [
        0.99986,
        1.00018
      ]
    },
    "beta": {
      "val": 0.99997,
      "ci95": [
        0.99977,
        1.00017
      ]
    }
  },
  "qa": {
    "thresholds": {
      "abs_beta_minus_1": "<= 1e-4",
      "abs_gamma_minus_1": "<= 1e-4",
      "perihelion_contains_GR_in_ci95": true
    },
    "pass_beta": true,
    "pass_gamma": true,
    "pass_gr_in_ci95": true,
    "overall_pass": true
  },
  "provenance": {
    "seed": 98765,
    "commit": "3f2c0de",
    "calibration_hash": "c42a...99ab",
    "manifest": "manifests/venus_ppn_B.json"
  },
  "timestamp": "2025-09-11T10:10:21Z"
}