{
  "sign_flip": {
    "rows": 1,
    "unique_grids": 1,
    "unique_seeds": 1,
    "all_rows_pass_<=0.1pi": true,
    "robust_2of2_pass": false,
    "criterion": ">=2 grids & >=2 seeds; each row |pi - phase| <= 0.1*pi",
    "source": "data/spin_overlap_results.csv"
  },
  "rotor_spectrum": {
    "R2_best": 0.9986979210390362,
    "first_level_j_is_0.5": true,
    "R2_pass_(>=0.98)": true,
    "fit_m": 0.0015225702143825091,
    "fit_b": -0.0009980098384467547,
    "source": "data/original/spin_spectrum_levels.csv"
  }
}