{
  "fr_2pi": {
    "distance_to_pi_rad_from_overlaps": 2.7604649197598974e-06,
    "distance_to_pi_rad_from_csv": 1.6388820105461832e-06,
    "pass_rate_by_sigma_per_link_rad": {
      "0.001": 1.0,
      "0.005": 1.0,
      "0.010": 1.0,
      "0.050": 1.0,
      "0.100": 0.97,
      "0.200": 0.717,
      "0.300": 0.517
    },
    "criterion_rad": 0.3141592653589793,
    "num_steps": 400,
    "trials_per_sigma": 1000
  },
  "rotor_spectrum": {
    "R2_full": 0.9986979210390362,
    "R2_loocv": 0.9976345280530697,
    "R2_bootstrap_CI_95": [
      0.9961161215649907,
      0.9998737653776785
    ],
    "R2_bootstrap_mean": 0.998589736733577,
    "n_levels": 8
  },
  "notes": "Stats generated from existing files in this package; no new physics runs."
}