{
  "schema_version": "1.0.0",
  "integrator": {
    "name": "leap-frog",
    "cfl": 0.4
  },
  "grid": {
    "shape": [
      96,
      96,
      96
    ],
    "dx": 1.0,
    "dt": 0.015,
    "amr": true,
    "bc": "periodic"
  },
  "units": {
    "system": "internal",
    "energy": "arb",
    "time": "Δt"
  },
  "components": {
    "t0": {
      "kin": 0.41,
      "grad": 0.99,
      "pot": -1.402,
      "em": 0.0,
      "total": -0.002
    },
    "tN": {
      "kin": 0.411,
      "grad": 0.988,
      "pot": -1.398,
      "em": 0.0,
      "total": 0.001
    }
  },
  "collapse_ledger": {
    "enabled": false,
    "events": 0,
    "energy_removed": 0.0
  },
  "conservation": {
    "delta_E": 0.003,
    "delta_E_rel": 0.00021,
    "tolerance_rel": 0.001,
    "pass": true
  },
  "continuity_residual": {
    "L2": 4.2e-06,
    "Linf": 1.3e-05
  },
  "discretization": {
    "operators": "co-staggered central",
    "notation": "D_t, ∇_e",
    "signature": "- + + +"
  },
  "provenance": {
    "seed": 555,
    "commit": "3f2c0de",
    "calibration_hash": "c42a...99ab"
  },
  "timestamp": "2025-09-11T10:10:21Z"
}