{
  "schema_version": "1.0.0",
  "description": "Small-k linear dispersion fit",
  "required": [
    "schema_version",
    "fit_model",
    "c",
    "R2_smallk",
    "indices_used",
    "status"
  ],
  "properties": {
    "schema_version": {
      "type": "string"
    },
    "fit_model": {
      "type": "string"
    },
    "c": {
      "type": "object",
      "required": [
        "value"
      ],
      "properties": {
        "value": {
          "type": "number"
        },
        "u95": {
          "type": [
            "number",
            "null"
          ]
        },
        "units": {
          "type": "string"
        }
      }
    },
    "intercept": {
      "type": "object"
    },
    "R2_smallk": {
      "type": "number"
    },
    "indices_used": {
      "type": "array"
    },
    "status": {
      "type": "string"
    }
  }
}