{
  "schema_version": "1.0.0",
  "description": "Coulomb fit to extract eps* (with policy q*=1)",
  "required": [
    "schema_version",
    "A",
    "q_star",
    "eps_star",
    "status"
  ],
  "properties": {
    "schema_version": {
      "type": "string"
    },
    "A": {
      "type": "object",
      "required": [
        "value"
      ],
      "properties": {
        "value": {
          "type": "number"
        },
        "u95": {
          "type": [
            "number",
            "null"
          ]
        }
      }
    },
    "q_star": {
      "type": "object",
      "required": [
        "value"
      ],
      "properties": {
        "value": {
          "type": "number"
        },
        "u95": {
          "type": [
            "number",
            "null"
          ]
        }
      }
    },
    "eps_star": {
      "type": "object",
      "required": [
        "value"
      ],
      "properties": {
        "value": {
          "type": [
            "number",
            "null"
          ]
        },
        "u95": {
          "type": [
            "number",
            "null"
          ]
        }
      }
    },
    "status": {
      "type": "string"
    }
  }
}