{
  "created_utc": "2025-09-03T17:55:23Z",
  "environment": {
    "python_version": "3.11.8",
    "platform": "Linux-4.4.0-x86_64-with-glibc2.36"
  },
  "inputs": [
    {
      "path": "data/synthetic_spinor_path.csv",
      "sha256": "46b1973c901ad1c94d7a14d8ef93fa178a5aca70d84dad4850e83da1b621041d"
    },
    {
      "path": "data/synthetic_omega_energy.csv",
      "sha256": "04659eac7d3052818265577b2a7e0a2ffc69b27a8e75f1f5089e818f9ccff5b1"
    }
  ],
  "artifacts": [
    {
      "path": "figures/spinor_overlap_phase.png",
      "sha256": "23e90dc846397c8a392ac9f98ca6e61463dc22e4fa74675fbdc1e11e50ee455e"
    },
    {
      "path": "figures/deltaE_vs_jj1.png",
      "sha256": "661601d1b30f2a39bbf8b15b15bd3cc8783ed2ccb2bad236b428d696604f8421"
    },
    {
      "path": "spin_overlap_results.csv",
      "sha256": "807dd8b46380c3b1a8fb52782f1c2165c6321e3a11c5a20282c5d21b82a4c842"
    },
    {
      "path": "spin_spectrum_levels.csv",
      "sha256": "0f7ce80d1fd3c3f4a87947effa2caff39b333b5109060f250be96188e1a40ca9"
    },
    {
      "path": "spin_spectrum_summary.csv",
      "sha256": "65bfec38efa4c4ade2ce84d56241f73af60405f39276a4a9ee23da56c71101ab"
    },
    {
      "path": "PASS_FAIL_summary.json",
      "sha256": "21618fc946e8bdc2b096f0a9e3c1ad596f5a152dd7f6da220bd52248504ebb4e"
    },
    {
      "path": "scripts/spin_pipeline.py",
      "sha256": "d253410f251ece8e115ba711904eea9043141d645a039ec9a49defcfc41c465c"
    }
  ],
  "metrics": {
    "sign_flip": {
      "pass": true,
      "net_phase_change_rad": -3.1415942924718037,
      "net_phase_wrapped_rad": 3.1415910147077826,
      "distance_to_pi_rad": 1.6388820105461832e-06,
      "tolerance_rad": 0.3141592653589793,
      "end_overlap_magnitude": 0.9999999999988713
    },
    "rotor_spectrum": {
      "pass": true,
      "r2": 0.9986979210390362,
      "fit_a": 0.0015225702143825091,
      "fit_b": -0.0009980098384467547,
      "assumption": "j=1..N on delta_E"
    }
  }
}