{
  "$schema": "https://json-schema.org/draft/2020-12/schema",
  "$id": "https://example.org/sft/ppn_results.schema.json",
  "title": "SFT PPN_RESULTS",
  "type": "object",
  "properties": {
    "schema_version": {
      "type": "string",
      "pattern": "^[0-9]+\\.[0-9]+\\.[0-9]+$"
    },
    "route": {
      "type": "string",
      "enum": [
        "A",
        "B"
      ]
    },
    "conventions": {
      "type": "object",
      "properties": {
        "metric_signature": {
          "type": "string",
          "enum": [
            "- + + +",
            "+ - - -"
          ]
        },
        "S_equals_neg_U": {
          "type": "boolean"
        },
        "poisson": {
          "type": "string"
        },
        "units": {
          "type": "object",
          "properties": {
            "angle": {
              "type": "string"
            },
            "time": {
              "type": "string"
            }
          },
          "required": [
            "angle",
            "time"
          ]
        }
      },
      "required": [
        "metric_signature",
        "S_equals_neg_U"
      ]
    },
    "fit": {
      "type": "object",
      "properties": {
        "method": {
          "type": "string"
        },
        "n": {
          "type": "integer",
          "minimum": 1
        },
        "a1": {
          "type": "object",
          "properties": {
            "val": {
              "type": "number"
            },
            "u": {
              "type": "number"
            }
          },
          "required": [
            "val",
            "u"
          ]
        },
        "c1": {
          "type": "object",
          "properties": {
            "val": {
              "type": "number"
            },
            "u": {
              "type": "number"
            }
          },
          "required": [
            "val",
            "u"
          ]
        },
        "a2": {
          "type": "object",
          "properties": {
            "val": {
              "type": "number"
            },
            "u": {
              "type": "number"
            }
          },
          "required": [
            "val",
            "u"
          ]
        },
        "cov": {
          "type": "array"
        },
        "r2": {
          "type": "number",
          "minimum": 0.0,
          "maximum": 1.0
        }
      },
      "required": [
        "method",
        "n",
        "a1",
        "c1",
        "a2",
        "r2"
      ]
    },
    "observables_fit": {
      "type": "object",
      "properties": {
        "method": {
          "type": "string"
        },
        "n": {
          "type": "integer",
          "minimum": 1
        },
        "weights": {
          "type": "string"
        },
        "r2": {
          "type": "number",
          "minimum": 0.0,
          "maximum": 1.0
        },
        "coeffs": {
          "type": "object",
          "properties": {
            "a1": {
              "type": "number"
            },
            "c1": {
              "type": "number"
            },
            "a2": {
              "type": "number"
            }
          },
          "required": [
            "a1",
            "c1",
            "a2"
          ]
        },
        "ci95": {
          "type": "object",
          "properties": {
            "a1": {
              "type": "array",
              "items": {
                "type": "number"
              },
              "minItems": 2,
              "maxItems": 2
            },
            "c1": {
              "type": "array",
              "items": {
                "type": "number"
              },
              "minItems": 2,
              "maxItems": 2
            },
            "a2": {
              "type": "array",
              "items": {
                "type": "number"
              },
              "minItems": 2,
              "maxItems": 2
            }
          },
          "required": [
            "a1",
            "c1",
            "a2"
          ]
        },
        "bootstrap": {
          "type": "object",
          "properties": {
            "n": {
              "type": "integer",
              "minimum": 1
            },
            "seed": {
              "type": "integer"
            }
          }
        }
      },
      "required": [
        "method",
        "n",
        "r2",
        "coeffs"
      ]
    },
    "derived": {
      "type": "object",
      "properties": {
        "gamma": {
          "type": "object",
          "properties": {
            "val": {
              "type": "number"
            },
            "ci95": {
              "type": "array",
              "items": {
                "type": "number"
              },
              "minItems": 2,
              "maxItems": 2
            }
          },
          "required": [
            "val",
            "ci95"
          ]
        },
        "beta": {
          "type": "object",
          "properties": {
            "val": {
              "type": "number"
            },
            "ci95": {
              "type": "array",
              "items": {
                "type": "number"
              },
              "minItems": 2,
              "maxItems": 2
            }
          },
          "required": [
            "val",
            "ci95"
          ]
        }
      },
      "required": [
        "gamma",
        "beta"
      ]
    },
    "observables": {
      "type": "object"
    },
    "systematics": {
      "type": "object"
    },
    "qa": {
      "type": "object",
      "properties": {
        "thresholds": {
          "type": "object"
        },
        "pass_beta": {
          "type": "boolean"
        },
        "pass_gamma": {
          "type": "boolean"
        },
        "pass_perihelion": {
          "type": "boolean"
        },
        "pass_gr_in_ci95": {
          "type": "boolean"
        },
        "overall_pass": {
          "type": "boolean"
        }
      },
      "required": [
        "thresholds",
        "overall_pass"
      ]
    },
    "provenance": {
      "type": "object",
      "properties": {
        "seed": {
          "type": "integer"
        },
        "commit": {
          "type": "string"
        },
        "calibration_hash": {
          "type": "string"
        },
        "manifest": {
          "type": "string"
        },
        "artifacts_sha256": {
          "type": "object"
        }
      },
      "required": [
        "seed",
        "commit",
        "calibration_hash"
      ]
    },
    "timestamp": {
      "type": "string",
      "format": "date-time"
    }
  },
  "required": [
    "schema_version",
    "route",
    "conventions",
    "derived",
    "qa",
    "provenance",
    "timestamp"
  ],
  "allOf": [
    {
      "if": {
        "properties": {
          "route": {
            "const": "A"
          }
        }
      },
      "then": {
        "required": [
          "fit"
        ]
      }
    },
    {
      "if": {
        "properties": {
          "route": {
            "const": "B"
          }
        }
      },
      "then": {
        "required": [
          "observables_fit"
        ]
      }
    }
  ]
}